
BEGIN TRANSACTION;
insert into Employees (name, phone, email, join_date, address, depart_date) values ('Patrica', '93205614', 'pminchinton0@dagondesign.com', '2020-01-01', '2092 Gateway Terrace', NULL);
insert into Employees (name, phone, email, join_date, address, depart_date) values ('Sherwood', '96206631', 'sklossek1@netvibes.com', '2020-01-01', '901 Buell Pass', NULL);
insert into Employees (name, phone, email, join_date, address, depart_date) values ('Corette', '9023278', 'cbisco2@fda.gov', '2020-01-01', '6691 Beilfuss Point', NULL);
insert into Employees (name, phone, email, join_date, address, depart_date) values ('Genvieve', '91239781', 'gmarran3@ehow.com', '2020-01-01', '04410 Anzinger Terrace', NULL);
insert into Employees (name, phone, email, join_date, address, depart_date) values ('Licha', '92429544', 'lharbottle4@tmall.com', '2020-01-01', '1 Buhler Alley', NULL);
insert into Employees (name, phone, email, join_date, address, depart_date) values ('Ellis', '93628207', 'eivanchenkov5@loc.gov', '2020-01-01', '828 Stephen Trail', NULL);
insert into Employees (name, phone, email, join_date, address, depart_date) values ('Hallie', '94285410', 'hberzons6@surveymonkey.com', '2020-01-01', '33 Morning Circle', NULL);
insert into Employees (name, phone, email, join_date, address, depart_date) values ('Editha', '94871231', 'eegell7@techcrunch.com', '2020-01-01', '5016 Saint Paul Center', NULL);
insert into Employees (name, phone, email, join_date, address, depart_date) values ('Gael', '99651202', 'gcuxon8@mysql.com', '2020-01-01', '819 Bobwhite Lane', NULL);
insert into Employees (name, phone, email, join_date, address, depart_date) values ('Bartie', '96855433', 'bfilippone9@deviantart.com', '2020-01-01', '55752 Center Parkway', NULL);
insert into Employees (name, phone, email, join_date, address, depart_date) values ('Evie', '95957393', 'egladdisha@yahoo.co.jp', '2020-01-01', '7273 Magdeline Park', NULL);
insert into Employees (name, phone, email, join_date, address, depart_date) values ('Luce', '97808443', 'lmebiusb@google.com.br', '2020-01-01', '36 Corben Avenue', NULL);
insert into Employees (name, phone, email, join_date, address, depart_date) values ('Tito', '98567411', 'tmaskelynec@soup.io', '2020-01-01', '54699 Barnett Street', NULL);
insert into Employees (name, phone, email, join_date, address, depart_date) values ('Georgie', '92084889', 'gbaudind@issuu.com', '2020-01-01', '105 Memorial Junction', NULL);
insert into Employees (name, phone, email, join_date, address, depart_date) values ('Lira', '96782093', 'lellesworthee@princeton.edu', '2020-01-01', '078 Towne Lane', NULL);
insert into Employees (name, phone, email, join_date, address, depart_date) values ('Joan', '95833080', 'jmertgenf@drupal.org', '2020-01-01', '3676 Garrison Alley', NULL);
insert into Employees (name, phone, email, join_date, address, depart_date) values ('Jodee', '92232710', 'jgainfortg@cbslocal.com', '2020-01-01', '44325 Merry Hill', NULL);
insert into Employees (name, phone, email, join_date, address, depart_date) values ('Kat', '96663609', 'ksimcoeh@umich.edu', '2020-01-01', '8626 Kim Lane', NULL);
insert into Employees (name, phone, email, join_date, address, depart_date) values ('Clarinda', '97408434', 'ckaygilli@taobao.com', '2020-01-01', '10 Buell Crossing', NULL);
insert into Employees (name, phone, email, join_date, address, depart_date) values ('Consuelo', '93220894', 'crowntreej@yahoo.co.jp', '2020-01-01', '6929 Old Gate Terrace', NULL);
insert into Employees (name, phone, email, join_date, address, depart_date) values ('Selig', '98020747', 'sdowsettk@auda.org.au', '2020-01-01', '69801 Jenifer Road', NULL);
insert into Employees (name, phone, email, join_date, address, depart_date) values ('Suzie', '94502252', 'sspeakmanl@oakley.com', '2020-01-01', '7 Schlimgen Hill', NULL);
insert into Employees (name, phone, email, join_date, address, depart_date) values ('Cristi', '94112272', 'cyearnsleym@ameblo.jp', '2020-01-01', '458 Pine View Alley', NULL);
insert into Employees (name, phone, email, join_date, address, depart_date) values ('Imogen', '91681298', 'iprimmern@sciencedirect.com', '2020-01-01', '4 Heath Court', NULL);
insert into Employees (name, phone, email, join_date, address, depart_date) values ('Carree', '97491310', 'cceeleyo@1und1.de', '2020-01-01', '82 Dexter Place', NULL);
insert into Employees (name, phone, email, join_date, address, depart_date) values ('Julian', '94207321', 'jshaplinp@marriott.com', '2020-01-01', '4381 Pearson Place', NULL);
insert into Employees (name, phone, email, join_date, address, depart_date) values ('Jethro', '98437879', 'jpaytonq@myspace.com', '2020-01-01', '0 Leroy Plaza', NULL);
insert into Employees (name, phone, email, join_date, address, depart_date) values ('Freddi', '99387933', 'fcardusr@nbcnews.com', '2020-01-01', '135 Badeau Hill', NULL);
insert into Employees (name, phone, email, join_date, address, depart_date) values ('Damon', '98878515', 'dsmeeths@timesonline.co.uk', '2020-01-01', '423 Basil Hill', NULL);
insert into Employees (name, phone, email, join_date, address, depart_date) values ('Jeanne', '95861629', 'jattenborought@imdb.com', '2020-01-01', '830 Becker Place', NULL);
insert into Employees (name, phone, email, join_date, address, depart_date) values ('Rodney', '98795056', 'rhaylocku@fotki.com', '2020-01-01', '60 Crowley Avenue', NULL);
insert into Employees (name, phone, email, join_date, address, depart_date) values ('Rodrick', '91544521', 'rdowthwaitev@theglobeandmail.com', '2020-01-01', '859 Holy Cross Court', NULL);
insert into Employees (name, phone, email, join_date, address, depart_date) values ('Dasya', '93166723', 'douldcottw@topsy.com', '2020-01-01', '8366 Rutledge Avenue', NULL);
insert into Employees (name, phone, email, join_date, address, depart_date) values ('Talbert', '92196772', 'tpaulinx@businesswire.com', '2020-01-01', '116 Bay Hill', NULL);
insert into Employees (name, phone, email, join_date, address, depart_date) values ('Caria', '95635217', 'clilliey@ucla.edu', '2020-01-01', '08 Shoshone Place', NULL);
insert into Employees (name, phone, email, join_date, address, depart_date) values ('Harrison', '95408995', 'hriselyz@webnode.com', '2020-01-01', '14 Ronald Regan Drive', NULL);
insert into Employees (name, phone, email, join_date, address, depart_date) values ('Una', '94497001', 'uspawell10@acquirethisname.com', '2020-01-01', '0526 Rigney Terrace', NULL);
insert into Employees (name, phone, email, join_date, address, depart_date) values ('Charyl', '91965217', 'cbastistini11@nationalgeographic.com', '2020-01-01', '0 Mccormick Circle', NULL);
insert into Employees (name, phone, email, join_date, address, depart_date) values ('Veronika', '94579358', 'vpurveys12@sun.com', '2020-01-01', '40227 Hovde Park', NULL);
insert into Employees (name, phone, email, join_date, address, depart_date) values ('Michal', '98892280', 'milson13@house.gov', '2020-01-01', '41 Spaight Court', NULL);
insert into Employees (name, phone, email, join_date, address, depart_date) values ('Sheelagh', '93575284', 'scuff14@biblegateway.com', '2020-01-01', '8244 Summit Place', NULL);
insert into Employees (name, phone, email, join_date, address, depart_date) values ('Selia', '93731983', 'smead15@aboutads.info', '2020-01-01', '53984 Farragut Point', NULL);
insert into Employees (name, phone, email, join_date, address, depart_date) values ('Tomasina', '94992375', 'tdcruze16@bbb.org', '2020-01-01', '7303 Del Sol Point', NULL);
insert into Employees (name, phone, email, join_date, address, depart_date) values ('Deck', '99905979', 'dbonallick17@paypal.com', '2020-01-01', '848 Duke Place', NULL);
insert into Employees (name, phone, email, join_date, address, depart_date) values ('Gunner', '91548996', 'gtallowin18@hugedomains.com', '2020-01-01', '0708 Bluejay Way', NULL);
insert into Employees (name, phone, email, join_date, address, depart_date) values ('Muire', '92974656', 'mramshaw19@cbsnews.com', '2020-01-01', '2761 Golf Road', NULL);
insert into Employees (name, phone, email, join_date, address, depart_date) values ('Rici', '91649356', 'rvickerstaff1a@unicef.org', '2020-01-01', '718 Colorado Point', NULL);
insert into Employees (name, phone, email, join_date, address, depart_date) values ('Ina', '91042731', 'ishafe1b@theatlantic.com', '2020-01-01', '5 Marquette Plaza', NULL);
insert into Employees (name, phone, email, join_date, address, depart_date) values ('Rhys', '99011950', 'rbudget1c@go.com', '2020-01-01', '3 Derek Circle', NULL);
insert into Employees (name, phone, email, join_date, address, depart_date) values ('Anders', '92052408', 'arivaland1d@amazonaws.com', '2020-01-01', '203 Drewry Pass', NULL);
insert into Employees (name, phone, email, join_date, address, depart_date) values ('Valma', '96346608', 'vbernardet1e@wisc.edu', '2020-01-01', '7 Brentwood Center', NULL);
insert into Employees (name, phone, email, join_date, address, depart_date) values ('Mohandis', '97621802', 'mmackean1f@mysql.com', '2020-01-01', '08282 Bonner Avenue', NULL);
insert into Employees (name, phone, email, join_date, address, depart_date) values ('Gale', '97880030', 'gpaffitt1g@de.vu', '2020-01-01', '413 Farwell Parkway', NULL);
insert into Employees (name, phone, email, join_date, address, depart_date) values ('Andi', '94729963', 'adurnall1h@prlog.org', '2020-01-01', '412 Green Ridge Crossing', NULL);
insert into Employees (name, phone, email, join_date, address, depart_date) values ('Dunstan', '92809579', 'dgladbeck1i@histats.com', '2020-01-01', '83485 Jenifer Street', NULL);
insert into Employees (name, phone, email, join_date, address, depart_date) values ('Jodie', '91043681', 'jroylance1j@discuz.net', '2020-01-01', '9798 Fair Oaks Court', NULL);
insert into Employees (name, phone, email, join_date, address, depart_date) values ('Peggi', '95627976', 'ppieterick1k@webmd.com', '2020-01-01', '97 Hermina Court', NULL);
insert into Employees (name, phone, email, join_date, address, depart_date) values ('Tandy', '94755567', 'tvell1l@smugmug.com', '2020-01-01', '03978 Fieldstone Terrace', NULL);
insert into Employees (name, phone, email, join_date, address, depart_date) values ('Kerrill', '98565409', 'kgilkes1m@squarespace.com', '2020-01-01', '8977 Loeprich Junction', NULL);
insert into Employees (name, phone, email, join_date, address, depart_date) values ('Marsiella', '99350316', 'mchatburn1n@prlog.org', '2020-01-01', '308 Thierer Lane', NULL);
insert into Employees (name, phone, email, join_date, address, depart_date) values ('Base', '94565059', 'bdoveston1o@1688.com', '2020-01-01', '983 Daystar Drive', NULL);
insert into Employees (name, phone, email, join_date, address, depart_date) values ('Ardella', '96052668', 'awoolner1p@ca.gov', '2020-01-01', '975 Graceland Road', NULL);
insert into Employees (name, phone, email, join_date, address, depart_date) values ('Merv', '94116310', 'msavine1q@wiley.com', '2020-01-01', '4870 Twin Pines Court', NULL);
insert into Employees (name, phone, email, join_date, address, depart_date) values ('Rhea', '99573530', 'rmacbey1r@tumblr.com', '2020-01-01', '40 Prentice Hill', NULL);
insert into Employees (name, phone, email, join_date, address, depart_date) values ('Gerianne', '91455974', 'gebbetts1s@mail.ru', '2020-01-01', '63 Center Avenue', NULL);
insert into Employees (name, phone, email, join_date, address, depart_date) values ('Kata', '96486134', 'kcouldwell1t@biblegateway.com', '2020-01-01', '314 Meadow Vale Plaza', NULL);
insert into Employees (name, phone, email, join_date, address, depart_date) values ('Anallese', '99725326', 'aside1u@naver.com', '2020-01-01', '1599 Stone Corner Plaza', NULL);
insert into Employees (name, phone, email, join_date, address, depart_date) values ('Colline', '98642357', 'cbilyard1v@time.com', '2020-01-01', '9 Morningstar Plaza', NULL);
insert into Employees (name, phone, email, join_date, address, depart_date) values ('Raye', '98979451', 'rlieb1w@biblegateway.com', '2020-01-01', '785 Magdeline Trail', NULL);
insert into Employees (name, phone, email, join_date, address, depart_date) values ('Albertine', '98226616', 'ashawell1x@ihg.com', '2020-01-01', '54 Namekagon Pass', NULL);
insert into Employees (name, phone, email, join_date, address, depart_date) values ('Anna-maria', '95876351', 'atubby1y@gmpg.org', '2020-01-01', '61296 Kenwood Lane', NULL);
insert into Employees (name, phone, email, join_date, address, depart_date) values ('Saree', '93135961', 'sgansbuhler1z@who.int', '2020-01-01', '9 Bluejay Terrace', NULL);
insert into Employees (name, phone, email, join_date, address, depart_date) values ('Artie', '91598020', 'aduffy20@1688.com', '2020-01-01', '1787 Clemons Terrace', NULL);
insert into Employees (name, phone, email, join_date, address, depart_date) values ('Tamra', '93867826', 'tspedroni21@dropbox.com', '2020-01-01', '7 Maple Wood Alley', NULL);
insert into Employees (name, phone, email, join_date, address, depart_date) values ('Thaddeus', '91100858', 'tgoneau22@merriam-webster.com', '2020-01-01', '01 Little Fleur Crossing', NULL);
insert into Employees (name, phone, email, join_date, address, depart_date) values ('Sonny', '91594078', 'sdewitt23@example.com', '2020-01-01', '0286 Golden Leaf Place', NULL);
insert into Employees (name, phone, email, join_date, address, depart_date) values ('Efrem', '98432119', 'eblemen24@nps.gov', '2020-01-01', '4 Buena Vista Way', NULL);
insert into Employees (name, phone, email, join_date, address, depart_date) values ('Grethel', '94221688', 'gvarley25@icio.us', '2020-01-01', '7 Ridgeway Pass', NULL);
insert into Employees (name, phone, email, join_date, address, depart_date) values ('Inger', '99151899', 'ipigeon26@ucoz.ru', '2020-01-01', '0 Transport Way', NULL);
insert into Employees (name, phone, email, join_date, address, depart_date) values ('Renelle', '98180976', 'rkincade27@51.la', '2020-01-01', '50564 Twin Pines Street', NULL);
insert into Employees (name, phone, email, join_date, address, depart_date) values ('Ransom', '94681348', 'rlammers28@tamu.edu', '2020-01-01', '33771 Coleman Drive', NULL);
insert into Employees (name, phone, email, join_date, address, depart_date) values ('Gratiana', '95826593', 'gtimmis29@washingtonpost.com', '2020-01-01', '98518 Main Avenue', NULL);
insert into Employees (name, phone, email, join_date, address, depart_date) values ('Carine', '96743419', 'ckerswell2a@wp.com', '2020-01-01', '8075 Jenifer Court', NULL);
insert into Employees (name, phone, email, join_date, address, depart_date) values ('Carlo', '97569684', 'cshillabeer2b@acquirethisname.com', '2020-01-01', '970 Susan Avenue', NULL);
insert into Employees (name, phone, email, join_date, address, depart_date) values ('Kane', '97400264', 'kpaulou2c@slideshare.net', '2020-01-01', '117 Russell Junction', NULL);
insert into Employees (name, phone, email, join_date, address, depart_date) values ('Micah', '94563172', 'mdioniso2d@unesco.org', '2020-01-01', '538 Butternut Plaza', NULL);
insert into Employees (name, phone, email, join_date, address, depart_date) values ('Alphonse', '92705406', 'adeppe2e@behance.net', '2020-01-01', '912 Myrtle Plaza', NULL);
insert into Employees (name, phone, email, join_date, address, depart_date) values ('Wilek', '91077628', 'wshrimplin2f@springer.com', '2020-01-01', '7 Memorial Alley', NULL);
insert into Employees (name, phone, email, join_date, address, depart_date) values ('Anestassia', '95472822', 'aloxley2g@squarespace.com', '2020-01-01', '988 Schmedeman Crossing', NULL);
insert into Employees (name, phone, email, join_date, address, depart_date) values ('Deina', '96349147', 'dbentke2h@studiopress.com', '2020-01-01', '2887 Larry Lane', NULL);
insert into Employees (name, phone, email, join_date, address, depart_date) values ('Franciskus', '92614047', 'fbrager2i@nps.gov', '2020-01-01', '6 Basil Junction', NULL);
insert into Employees (name, phone, email, join_date, address, depart_date) values ('Bartholemy', '91625174', 'bmitchell2j@google.cn', '2020-01-01', '17058 Schlimgen Center', NULL);
insert into Employees (name, phone, email, join_date, address, depart_date) values ('Dana', '98343694', 'djaszczak2k@pcworld.com', '2020-01-01', '48 Alpine Junction', NULL);
insert into Employees (name, phone, email, join_date, address, depart_date) values ('Algernon', '95518105', 'agherardini2l@ow.ly', '2020-01-01', '879 Summit Parkway', NULL);
insert into Employees (name, phone, email, join_date, address, depart_date) values ('Christoph', '91997182', 'clahrs2m@webs.com', '2020-01-01', '112 American Ash Pass', NULL);
insert into Employees (name, phone, email, join_date, address, depart_date) values ('Rory', '91360241', 'rhedley2n@blinklist.com', '2020-01-01', '05042 Holmberg Center', NULL);
insert into Employees (name, phone, email, join_date, address, depart_date) values ('Odell', '91198410', 'ofrankiss2o@hhs.gov', '2020-01-01', '6 Lien Street', NULL);
insert into Employees (name, phone, email, join_date, address, depart_date) values ('Delila', '91641682', 'dbould2p@chicagotribune.com', '2020-01-01', '7 Mcbride Way', NULL);
insert into Employees (name, phone, email, join_date, address, depart_date) values ('Kandace', '94314138', 'kitzcovich2q@opensource.org', '2020-01-01', '2 Derek Avenue', NULL);
insert into Employees (name, phone, email, join_date, address, depart_date) values ('Julee', '93633261', 'jschuchmacher2r@eventbrite.com', '2020-01-01', '97642 Porter Road', NULL);

insert into Part_time_Emp (eid, hourly_rate) values (1, 20);
insert into Part_time_Emp (eid, hourly_rate) values (2, 12);
insert into Part_time_Emp (eid, hourly_rate) values (3, 3);
insert into Part_time_Emp (eid, hourly_rate) values (4, 14);
insert into Part_time_Emp (eid, hourly_rate) values (5, 18);
insert into Part_time_Emp (eid, hourly_rate) values (6, 15);
insert into Part_time_Emp (eid, hourly_rate) values (7, 13);
insert into Part_time_Emp (eid, hourly_rate) values (8, 9);
insert into Part_time_Emp (eid, hourly_rate) values (9, 10);
insert into Part_time_Emp (eid, hourly_rate) values (10, 10);
insert into Part_time_Emp (eid, hourly_rate) values (11, 1);
insert into Part_time_Emp (eid, hourly_rate) values (12, 11);
insert into Part_time_Emp (eid, hourly_rate) values (13, 15);
insert into Part_time_Emp (eid, hourly_rate) values (14, 7);
insert into Part_time_Emp (eid, hourly_rate) values (15, 20);
insert into Part_time_Emp (eid, hourly_rate) values (16, 7);
insert into Part_time_Emp (eid, hourly_rate) values (17, 17);
insert into Part_time_Emp (eid, hourly_rate) values (18, 1);
insert into Part_time_Emp (eid, hourly_rate) values (19, 13);
insert into Part_time_Emp (eid, hourly_rate) values (20, 15);
insert into Part_time_Emp (eid, hourly_rate) values (21, 8);
insert into Part_time_Emp (eid, hourly_rate) values (22, 1);
insert into Part_time_Emp (eid, hourly_rate) values (23, 9);
insert into Part_time_Emp (eid, hourly_rate) values (24, 4);
insert into Part_time_Emp (eid, hourly_rate) values (25, 5);
insert into Part_time_Emp (eid, hourly_rate) values (26, 3);
insert into Part_time_Emp (eid, hourly_rate) values (27, 9);
insert into Part_time_Emp (eid, hourly_rate) values (28, 11);
insert into Part_time_Emp (eid, hourly_rate) values (29, 2);
insert into Part_time_Emp (eid, hourly_rate) values (30, 9);
insert into Part_time_Emp (eid, hourly_rate) values (31, 10);
insert into Part_time_Emp (eid, hourly_rate) values (32, 19);
insert into Part_time_Emp (eid, hourly_rate) values (33, 20);
insert into Part_time_Emp (eid, hourly_rate) values (34, 13);
insert into Part_time_Emp (eid, hourly_rate) values (35, 10);
insert into Part_time_Emp (eid, hourly_rate) values (36, 4);
insert into Part_time_Emp (eid, hourly_rate) values (37, 15);
insert into Part_time_Emp (eid, hourly_rate) values (38, 12);
insert into Part_time_Emp (eid, hourly_rate) values (39, 18);
insert into Part_time_Emp (eid, hourly_rate) values (40, 19);
insert into Part_time_Emp (eid, hourly_rate) values (41, 10);
insert into Part_time_Emp (eid, hourly_rate) values (42, 20);
insert into Part_time_Emp (eid, hourly_rate) values (43, 6);
insert into Part_time_Emp (eid, hourly_rate) values (44, 12);
insert into Part_time_Emp (eid, hourly_rate) values (45, 4);
insert into Part_time_Emp (eid, hourly_rate) values (46, 3);
insert into Part_time_Emp (eid, hourly_rate) values (47, 15);
insert into Part_time_Emp (eid, hourly_rate) values (48, 8);
insert into Part_time_Emp (eid, hourly_rate) values (49, 11);
insert into Part_time_Emp (eid, hourly_rate) values (50, 5);

insert into Full_time_Emp (eid, monthly_rate) values (51, 6694);
insert into Full_time_Emp (eid, monthly_rate) values (52, 7119);
insert into Full_time_Emp (eid, monthly_rate) values (53, 2542);
insert into Full_time_Emp (eid, monthly_rate) values (54, 5794);
insert into Full_time_Emp (eid, monthly_rate) values (55, 6154);
insert into Full_time_Emp (eid, monthly_rate) values (56, 2237);
insert into Full_time_Emp (eid, monthly_rate) values (57, 8649);
insert into Full_time_Emp (eid, monthly_rate) values (58, 3969);
insert into Full_time_Emp (eid, monthly_rate) values (59, 6839);
insert into Full_time_Emp (eid, monthly_rate) values (60, 4320);
insert into Full_time_Emp (eid, monthly_rate) values (61, 3892);
insert into Full_time_Emp (eid, monthly_rate) values (62, 2757);
insert into Full_time_Emp (eid, monthly_rate) values (63, 2586);
insert into Full_time_Emp (eid, monthly_rate) values (64, 8221);
insert into Full_time_Emp (eid, monthly_rate) values (65, 3887);
insert into Full_time_Emp (eid, monthly_rate) values (66, 6913);
insert into Full_time_Emp (eid, monthly_rate) values (67, 2060);
insert into Full_time_Emp (eid, monthly_rate) values (68, 4127);
insert into Full_time_Emp (eid, monthly_rate) values (69, 7464);
insert into Full_time_Emp (eid, monthly_rate) values (70, 4945);
insert into Full_time_Emp (eid, monthly_rate) values (71, 7182);
insert into Full_time_Emp (eid, monthly_rate) values (72, 3256);
insert into Full_time_Emp (eid, monthly_rate) values (73, 7824);
insert into Full_time_Emp (eid, monthly_rate) values (74, 9949);
insert into Full_time_Emp (eid, monthly_rate) values (75, 1354);
insert into Full_time_Emp (eid, monthly_rate) values (76, 3414);
insert into Full_time_Emp (eid, monthly_rate) values (77, 4362);
insert into Full_time_Emp (eid, monthly_rate) values (78, 5656);
insert into Full_time_Emp (eid, monthly_rate) values (79, 3217);
insert into Full_time_Emp (eid, monthly_rate) values (80, 5532);
insert into Full_time_Emp (eid, monthly_rate) values (81, 9763);
insert into Full_time_Emp (eid, monthly_rate) values (82, 6648);
insert into Full_time_Emp (eid, monthly_rate) values (83, 6436);
insert into Full_time_Emp (eid, monthly_rate) values (84, 3923);
insert into Full_time_Emp (eid, monthly_rate) values (85, 4871);
insert into Full_time_Emp (eid, monthly_rate) values (86, 3094);
insert into Full_time_Emp (eid, monthly_rate) values (87, 3637);
insert into Full_time_Emp (eid, monthly_rate) values (88, 8552);
insert into Full_time_Emp (eid, monthly_rate) values (89, 8264);
insert into Full_time_Emp (eid, monthly_rate) values (90, 1260);
insert into Full_time_Emp (eid, monthly_rate) values (91, 9646);
insert into Full_time_Emp (eid, monthly_rate) values (92, 2119);
insert into Full_time_Emp (eid, monthly_rate) values (93, 5107);
insert into Full_time_Emp (eid, monthly_rate) values (94, 9287);
insert into Full_time_Emp (eid, monthly_rate) values (95, 6304);
insert into Full_time_Emp (eid, monthly_rate) values (96, 6198);
insert into Full_time_Emp (eid, monthly_rate) values (97, 1803);
insert into Full_time_Emp (eid, monthly_rate) values (98, 6397);
insert into Full_time_Emp (eid, monthly_rate) values (99, 8984);
insert into Full_time_Emp (eid, monthly_rate) values (100, 9405);

insert into Managers (eid) values (71);
insert into Managers (eid) values (72);
insert into Managers (eid) values (73);
insert into Managers (eid) values (74);
insert into Managers (eid) values (75);
insert into Managers (eid) values (76);
insert into Managers (eid) values (77);
insert into Managers (eid) values (78);
insert into Managers (eid) values (79);
insert into Managers (eid) values (80);

insert into Course_areas (name, eid) values ('Stringtough', 71);
insert into Course_areas (name, eid) values ('Tempsoft', 72);
insert into Course_areas (name, eid) values ('Matsoft', 73);
insert into Course_areas (name, eid) values ('Viva', 74);
insert into Course_areas (name, eid) values ('Andalax', 75);
insert into Course_areas (name, eid) values ('Zathin', 76);
insert into Course_areas (name, eid) values ('Holdlamis', 77);
insert into Course_areas (name, eid) values ('Home Ing', 78);
insert into Course_areas (name, eid) values ('SoftWork', 79);
insert into Course_areas (name, eid) values ('Wrapsafe', 80);

insert into Instructors (eid, name) values (1, 'Tempsoft');
insert into Instructors (eid, name) values (2, 'Viva');
insert into Instructors (eid, name) values (3, 'Zathin');
insert into Instructors (eid, name) values (4, 'Stringtough');
insert into Instructors (eid, name) values (5, 'Andalax');
insert into Instructors (eid, name) values (6, 'Matsoft');
insert into Instructors (eid, name) values (7, 'Holdlamis');
insert into Instructors (eid, name) values (8, 'SoftWork');
insert into Instructors (eid, name) values (9, 'Matsoft');
insert into Instructors (eid, name) values (10, 'Andalax');
insert into Instructors (eid, name) values (11, 'Viva');
insert into Instructors (eid, name) values (12, 'Stringtough');
insert into Instructors (eid, name) values (13, 'Tempsoft');
insert into Instructors (eid, name) values (14, 'Viva');
insert into Instructors (eid, name) values (15, 'SoftWork');
insert into Instructors (eid, name) values (16, 'Zathin');
insert into Instructors (eid, name) values (17, 'Stringtough');
insert into Instructors (eid, name) values (18, 'Home Ing');
insert into Instructors (eid, name) values (19, 'Andalax');
insert into Instructors (eid, name) values (20, 'Andalax');
insert into Instructors (eid, name) values (21, 'Zathin');
insert into Instructors (eid, name) values (22, 'Holdlamis');
insert into Instructors (eid, name) values (23, 'Tempsoft');
insert into Instructors (eid, name) values (24, 'SoftWork');
insert into Instructors (eid, name) values (25, 'Matsoft');
insert into Instructors (eid, name) values (26, 'Wrapsafe');
insert into Instructors (eid, name) values (27, 'Stringtough');
insert into Instructors (eid, name) values (28, 'Viva');
insert into Instructors (eid, name) values (29, 'Holdlamis');
insert into Instructors (eid, name) values (30, 'Holdlamis');
insert into Instructors (eid, name) values (31, 'Tempsoft');
insert into Instructors (eid, name) values (32, 'SoftWork');
insert into Instructors (eid, name) values (33, 'Zathin');
insert into Instructors (eid, name) values (34, 'Holdlamis');
insert into Instructors (eid, name) values (35, 'Matsoft');
insert into Instructors (eid, name) values (36, 'Zathin');
insert into Instructors (eid, name) values (37, 'Stringtough');
insert into Instructors (eid, name) values (38, 'Holdlamis');
insert into Instructors (eid, name) values (39, 'Viva');
insert into Instructors (eid, name) values (40, 'Zathin');
insert into Instructors (eid, name) values (41, 'Home Ing');
insert into Instructors (eid, name) values (42, 'Andalax');
insert into Instructors (eid, name) values (43, 'SoftWork');
insert into Instructors (eid, name) values (44, 'Tempsoft');
insert into Instructors (eid, name) values (45, 'Viva');
insert into Instructors (eid, name) values (46, 'Zathin');
insert into Instructors (eid, name) values (47, 'Matsoft');
insert into Instructors (eid, name) values (48, 'Andalax');
insert into Instructors (eid, name) values (49, 'Wrapsafe');
insert into Instructors (eid, name) values (50, 'Viva');
insert into Instructors (eid, name) values (51, 'Wrapsafe');
insert into Instructors (eid, name) values (52, 'Zathin');
insert into Instructors (eid, name) values (53, 'Matsoft');
insert into Instructors (eid, name) values (54, 'Tempsoft');
insert into Instructors (eid, name) values (55, 'Holdlamis');
insert into Instructors (eid, name) values (56, 'Viva');
insert into Instructors (eid, name) values (57, 'Zathin');
insert into Instructors (eid, name) values (58, 'Viva');
insert into Instructors (eid, name) values (59, 'Home Ing');
insert into Instructors (eid, name) values (60, 'Holdlamis');
insert into Instructors (eid, name) values (61, 'Matsoft');
insert into Instructors (eid, name) values (62, 'Tempsoft');
insert into Instructors (eid, name) values (63, 'Wrapsafe');
insert into Instructors (eid, name) values (64, 'Viva');
insert into Instructors (eid, name) values (65, 'Wrapsafe');
insert into Instructors (eid, name) values (66, 'Andalax');
insert into Instructors (eid, name) values (67, 'Holdlamis');
insert into Instructors (eid, name) values (68, 'Home Ing');
insert into Instructors (eid, name) values (69, 'Andalax');
insert into Instructors (eid, name) values (70, 'Matsoft');

insert into Part_time_instructors (eid) values (1);
insert into Part_time_instructors (eid) values (2);
insert into Part_time_instructors (eid) values (3);
insert into Part_time_instructors (eid) values (4);
insert into Part_time_instructors (eid) values (5);
insert into Part_time_instructors (eid) values (6);
insert into Part_time_instructors (eid) values (7);
insert into Part_time_instructors (eid) values (8);
insert into Part_time_instructors (eid) values (9);
insert into Part_time_instructors (eid) values (10);
insert into Part_time_instructors (eid) values (11);
insert into Part_time_instructors (eid) values (12);
insert into Part_time_instructors (eid) values (13);
insert into Part_time_instructors (eid) values (14);
insert into Part_time_instructors (eid) values (15);
insert into Part_time_instructors (eid) values (16);
insert into Part_time_instructors (eid) values (17);
insert into Part_time_instructors (eid) values (18);
insert into Part_time_instructors (eid) values (19);
insert into Part_time_instructors (eid) values (20);
insert into Part_time_instructors (eid) values (21);
insert into Part_time_instructors (eid) values (22);
insert into Part_time_instructors (eid) values (23);
insert into Part_time_instructors (eid) values (24);
insert into Part_time_instructors (eid) values (25);
insert into Part_time_instructors (eid) values (26);
insert into Part_time_instructors (eid) values (27);
insert into Part_time_instructors (eid) values (28);
insert into Part_time_instructors (eid) values (29);
insert into Part_time_instructors (eid) values (30);
insert into Part_time_instructors (eid) values (31);
insert into Part_time_instructors (eid) values (32);
insert into Part_time_instructors (eid) values (33);
insert into Part_time_instructors (eid) values (34);
insert into Part_time_instructors (eid) values (35);
insert into Part_time_instructors (eid) values (36);
insert into Part_time_instructors (eid) values (37);
insert into Part_time_instructors (eid) values (38);
insert into Part_time_instructors (eid) values (39);
insert into Part_time_instructors (eid) values (40);
insert into Part_time_instructors (eid) values (41);
insert into Part_time_instructors (eid) values (42);
insert into Part_time_instructors (eid) values (43);
insert into Part_time_instructors (eid) values (44);
insert into Part_time_instructors (eid) values (45);
insert into Part_time_instructors (eid) values (46);
insert into Part_time_instructors (eid) values (47);
insert into Part_time_instructors (eid) values (48);
insert into Part_time_instructors (eid) values (49);
insert into Part_time_instructors (eid) values (50);

insert into Full_time_instructors (eid) values (51);
insert into Full_time_instructors (eid) values (52);
insert into Full_time_instructors (eid) values (53);
insert into Full_time_instructors (eid) values (54);
insert into Full_time_instructors (eid) values (55);
insert into Full_time_instructors (eid) values (56);
insert into Full_time_instructors (eid) values (57);
insert into Full_time_instructors (eid) values (58);
insert into Full_time_instructors (eid) values (59);
insert into Full_time_instructors (eid) values (60);
insert into Full_time_instructors (eid) values (61);
insert into Full_time_instructors (eid) values (62);
insert into Full_time_instructors (eid) values (63);
insert into Full_time_instructors (eid) values (64);
insert into Full_time_instructors (eid) values (65);
insert into Full_time_instructors (eid) values (66);
insert into Full_time_instructors (eid) values (67);
insert into Full_time_instructors (eid) values (68);
insert into Full_time_instructors (eid) values (69);
insert into Full_time_instructors (eid) values (70);

insert into Administrators (eid) values (81);
insert into Administrators (eid) values (82);
insert into Administrators (eid) values (83);
insert into Administrators (eid) values (84);
insert into Administrators (eid) values (85);
insert into Administrators (eid) values (86);
insert into Administrators (eid) values (87);
insert into Administrators (eid) values (88);
insert into Administrators (eid) values (89);
insert into Administrators (eid) values (90);
insert into Administrators (eid) values (91);
insert into Administrators (eid) values (92);
insert into Administrators (eid) values (93);
insert into Administrators (eid) values (94);
insert into Administrators (eid) values (95);
insert into Administrators (eid) values (96);
insert into Administrators (eid) values (97);
insert into Administrators (eid) values (98);
insert into Administrators (eid) values (99);
insert into Administrators (eid) values (100);

insert into Customers (name, email, address, phone) values ('Norry Schops', 'nschops0@springer.com', '535 Artisan Crossing', 96211561);
insert into Customers (name, email, address, phone) values ('Ezekiel Aupol', 'eaupol1@storify.com', '946 Orin Terrace', 95728098);
insert into Customers (name, email, address, phone) values ('Twila Scholes', 'tscholes2@bigcartel.com', '3 Monica Avenue', 94916680);
insert into Customers (name, email, address, phone) values ('Leslie Treharne', 'ltreharne3@china.com.cn', '246 Schiller Avenue', 94329402);
insert into Customers (name, email, address, phone) values ('Pru Sorensen', 'psorensen4@weibo.com', '9171 Hanson Crossing', 94209033);
insert into Customers (name, email, address, phone) values ('Gwenny Ren', 'gren5@nps.gov', '7 Del Mar Point', 98657139);
insert into Customers (name, email, address, phone) values ('Jewel Woodwind', 'jwoodwind6@umich.edu', '21039 Green Ridge Street', 95518707);
insert into Customers (name, email, address, phone) values ('Allen Allbut', 'aallbut7@timesonline.co.uk', '47936 Loomis Court', 91946234);
insert into Customers (name, email, address, phone) values ('Concordia Prowse', 'cprowse8@cbslocal.com', '03289 Prairieview Park', 96293648);
insert into Customers (name, email, address, phone) values ('Kissie D''Ambrosio', 'kdambrosio9@engadget.com', '1631 Fallview Point', 96261465);
insert into Customers (name, email, address, phone) values ('Pegeen Seaking', 'pseakinga@nature.com', '11 Loomis Way', 97865261);
insert into Customers (name, email, address, phone) values ('Kaylyn Scoffins', 'kscoffinsb@tinypic.com', '710 Susan Alley', 92215728);
insert into Customers (name, email, address, phone) values ('Dolly Ilsley', 'dilsleyc@i2i.jp', '10565 Prairieview Alley', 90418532);
insert into Customers (name, email, address, phone) values ('Anneliese Wiseman', 'awisemand@ucla.edu', '21506 Mariners Cove Drive', 91762408);
insert into Customers (name, email, address, phone) values ('Susana Glenn', 'sglenne@blogtalkradio.com', '086 Talisman Drive', 93055818);
insert into Customers (name, email, address, phone) values ('Philis Ornils', 'pornilsf@springer.com', '12 Golden Leaf Terrace', 98346920);
insert into Customers (name, email, address, phone) values ('Goran Bratley', 'gbratleyg@spiegel.de', '387 Northview Parkway', 91342313);
insert into Customers (name, email, address, phone) values ('Zora Flippelli', 'zflippellih@dagondesign.com', '1 Union Road', 91474487);
insert into Customers (name, email, address, phone) values ('Heidi Reboulet', 'hrebouleti@psu.edu', '4 Fallview Drive', 95522787);
insert into Customers (name, email, address, phone) values ('Darin Vamplew', 'dvamplewj@wisc.edu', '3094 Eggendart Point', 97442667);
insert into Customers (name, email, address, phone) values ('Graeme Margrem', 'gmargremk@ifeng.com', '2131 Lotheville Trail', 92304561);
insert into Customers (name, email, address, phone) values ('Adolpho Cant', 'acantl@adobe.com', '44 Carioca Court', 99871851);
insert into Customers (name, email, address, phone) values ('Edy Arrowsmith', 'earrowsmithm@earthlink.net', '75 Steensland Circle', 92920232);
insert into Customers (name, email, address, phone) values ('Hogan Halliberton', 'hhallibertonn@npr.org', '69 Melby Way', 97469837);
insert into Customers (name, email, address, phone) values ('Georgianne MacRinn', 'gmacrinno@youtube.com', '973 Carey Place', 91711682);
insert into Customers (name, email, address, phone) values ('Florrie Moine', 'fmoinep@china.com.cn', '42 South Way', 92782113);
insert into Customers (name, email, address, phone) values ('Laurena Alf', 'lalfq@sitemeter.com', '6 Donald Circle', 97965860);
insert into Customers (name, email, address, phone) values ('Alie Screas', 'ascreasr@ted.com', '17 Evergreen Street', 90529916);
insert into Customers (name, email, address, phone) values ('Georgena Drury', 'gdrurys@paginegialle.it', '65109 Dayton Lane', 95538660);
insert into Customers (name, email, address, phone) values ('Gottfried Mullender', 'gmullendert@elpais.com', '6 Northview Alley', 96049186);
insert into Customers (name, email, address, phone) values ('Antonella Wanka', 'awanka0@bizjournals.com', '872 Surrey Trail', 95605856);
insert into Customers (name, email, address, phone) values ('Ashien Zuenelli', 'azuenelli1@economist.com', '5 Esch Street', 90882932);
insert into Customers (name, email, address, phone) values ('Vassili Freschi', 'vfreschi2@ucoz.com', '90536 Northfield Lane', 96791425);
insert into Customers (name, email, address, phone) values ('Hermy Arthan', 'harthan3@ihg.com', '896 Mendota Parkway', 99109474);
insert into Customers (name, email, address, phone) values ('Janella Litchfield', 'jlitchfield4@techcrunch.com', '8 Eagan Circle', 93976414);
insert into Customers (name, email, address, phone) values ('Addi Hatton', 'ahatton5@dailymail.co.uk', '139 Grasskamp Terrace', 91187628);
insert into Customers (name, email, address, phone) values ('Dudley Vickors', 'dvickors6@about.com', '84 Center Avenue', 97167709);
insert into Customers (name, email, address, phone) values ('Suzann Oxley', 'soxley7@webmd.com', '116 Thompson Pass', 93393581);
insert into Customers (name, email, address, phone) values ('Horatius Sexon', 'hsexon8@huffingtonpost.com', '9948 Hallows Point', 98189842);
insert into Customers (name, email, address, phone) values ('Rivkah Barthod', 'rbarthod9@cpanel.net', '46 Warner Crossing', 95102021);

insert into Credit_cards (number, cvv, expiry_date, cust_id) values ('3588663117792266', 711, '2023-09-20', 1);
insert into Credit_cards (number, cvv, expiry_date, cust_id) values ('3582536193499665', 223, '2024-06-13', 2);
insert into Credit_cards (number, cvv, expiry_date, cust_id) values ('5610712190254483', 225, '2023-10-22', 3);
insert into Credit_cards (number, cvv, expiry_date, cust_id) values ('3549839765873941', 480, '2023-09-07', 4);
insert into Credit_cards (number, cvv, expiry_date, cust_id) values ('5378621445346923', 592, '2023-12-07', 5);
insert into Credit_cards (number, cvv, expiry_date, cust_id) values ('2017821565159001', 140, '2024-12-15', 6);
insert into Credit_cards (number, cvv, expiry_date, cust_id) values ('6767780884382500', 253, '2024-06-16', 7);
insert into Credit_cards (number, cvv, expiry_date, cust_id) values ('2017353780524091', 355, '2024-09-04', 8);
insert into Credit_cards (number, cvv, expiry_date, cust_id) values ('5641821799737727', 974, '2023-06-25', 9);
insert into Credit_cards (number, cvv, expiry_date, cust_id) values ('5602215506358527', 611, '2024-10-18', 10);
insert into Credit_cards (number, cvv, expiry_date, cust_id) values ('3576644755493221', 205, '2023-10-23', 11);
insert into Credit_cards (number, cvv, expiry_date, cust_id) values ('5280546560744122', 822, '2023-05-04', 12);
insert into Credit_cards (number, cvv, expiry_date, cust_id) values ('4041595701236666', 255, '2023-03-29', 13);
insert into Credit_cards (number, cvv, expiry_date, cust_id) values ('3554174477150947', 664, '2024-06-13', 14);
insert into Credit_cards (number, cvv, expiry_date, cust_id) values ('2015380586754361', 956, '2023-08-04', 15);
insert into Credit_cards (number, cvv, expiry_date, cust_id) values ('5010127125870152', 827, '2024-06-14', 16);
insert into Credit_cards (number, cvv, expiry_date, cust_id) values ('5602214926170208', 443, '2023-08-05', 17);
insert into Credit_cards (number, cvv, expiry_date, cust_id) values ('4405602960131924', 663, '2024-01-17', 18);
insert into Credit_cards (number, cvv, expiry_date, cust_id) values ('3546641420952323', 942, '2024-02-22', 19);
insert into Credit_cards (number, cvv, expiry_date, cust_id) values ('5602229441674571', 775, '2024-03-29', 20);
insert into Credit_cards (number, cvv, expiry_date, cust_id) values ('4026807077536811', 206, '2023-05-01', 21);
insert into Credit_cards (number, cvv, expiry_date, cust_id) values ('3579229414024463', 913, '2024-12-05', 22);
insert into Credit_cards (number, cvv, expiry_date, cust_id) values ('5048376949532458', 786, '2023-07-26', 23);
insert into Credit_cards (number, cvv, expiry_date, cust_id) values ('3559751806764905', 635, '2024-09-29', 24);
insert into Credit_cards (number, cvv, expiry_date, cust_id) values ('3572354523092420', 116, '2023-06-17', 25);
insert into Credit_cards (number, cvv, expiry_date, cust_id) values ('6709508673532274', 928, '2024-05-06', 26);
insert into Credit_cards (number, cvv, expiry_date, cust_id) values ('3057259069271309', 145, '2023-04-29', 27);
insert into Credit_cards (number, cvv, expiry_date, cust_id) values ('2015089745735288', 827, '2023-10-02', 28);
insert into Credit_cards (number, cvv, expiry_date, cust_id) values ('6771394585655680', 249, '2023-02-12', 29);
insert into Credit_cards (number, cvv, expiry_date, cust_id) values ('3571053337048658', 418, '2023-02-18', 30);
insert into Credit_cards (number, cvv, expiry_date, cust_id) values ('4017957491194401', 520, '2023-02-13', 31);
insert into Credit_cards (number, cvv, expiry_date, cust_id) values ('4041591939401582', 828, '2023-11-19', 32);
insert into Credit_cards (number, cvv, expiry_date, cust_id) values ('4041375330940190', 177, '2023-03-09', 33);
insert into Credit_cards (number, cvv, expiry_date, cust_id) values ('4017951417497044', 724, '2023-05-28', 34);
insert into Credit_cards (number, cvv, expiry_date, cust_id) values ('4041598398285359', 741, '2023-06-03', 35);
insert into Credit_cards (number, cvv, expiry_date, cust_id) values ('4728430937693572', 122, '2023-10-23', 36);
insert into Credit_cards (number, cvv, expiry_date, cust_id) values ('4017954895365311', 896, '2023-07-21', 37);
insert into Credit_cards (number, cvv, expiry_date, cust_id) values ('4166035824010245', 537, '2023-08-07', 38);
insert into Credit_cards (number, cvv, expiry_date, cust_id) values ('4041370694014317', 583, '2023-04-13', 39);
insert into Credit_cards (number, cvv, expiry_date, cust_id) values ('4460704956257952', 212, '2023-01-19', 40);

insert into Owns (number, cust_id, from_date) values ('3588663117792266', 1, '2018-09-20');
insert into Owns (number, cust_id, from_date) values ('3582536193499665', 2, '2019-06-13');
insert into Owns (number, cust_id, from_date) values ('5610712190254483', 3, '2018-10-22');
insert into Owns (number, cust_id, from_date) values ('3549839765873941', 4, '2018-09-07');
insert into Owns (number, cust_id, from_date) values ('5378621445346923', 5, '2018-12-07');
insert into Owns (number, cust_id, from_date) values ('2017821565159001', 6, '2019-12-15');
insert into Owns (number, cust_id, from_date) values ('6767780884382500', 7, '2019-06-16');
insert into Owns (number, cust_id, from_date) values ('2017353780524091', 8, '2019-09-04');
insert into Owns (number, cust_id, from_date) values ('5641821799737727', 9, '2018-06-25');
insert into Owns (number, cust_id, from_date) values ('5602215506358527', 10, '2019-10-18');
insert into Owns (number, cust_id, from_date) values ('3576644755493221', 11, '2018-10-23');
insert into Owns (number, cust_id, from_date) values ('5280546560744122', 12, '2018-05-04');
insert into Owns (number, cust_id, from_date) values ('4041595701236666', 13, '2018-03-29');
insert into Owns (number, cust_id, from_date) values ('3554174477150947', 14, '2019-06-13');
insert into Owns (number, cust_id, from_date) values ('2015380586754361', 15, '2018-08-04');
insert into Owns (number, cust_id, from_date) values ('5010127125870152', 16, '2019-06-14');
insert into Owns (number, cust_id, from_date) values ('5602214926170208', 17, '2018-08-05');
insert into Owns (number, cust_id, from_date) values ('4405602960131924', 18, '2019-01-17');
insert into Owns (number, cust_id, from_date) values ('3546641420952323', 19, '2019-02-22');
insert into Owns (number, cust_id, from_date) values ('5602229441674571', 20, '2019-03-29');
insert into Owns (number, cust_id, from_date) values ('4026807077536811', 21, '2018-05-01');
insert into Owns (number, cust_id, from_date) values ('3579229414024463', 22, '2019-12-05');
insert into Owns (number, cust_id, from_date) values ('5048376949532458', 23, '2018-07-26');
insert into Owns (number, cust_id, from_date) values ('3559751806764905', 24, '2019-09-29');
insert into Owns (number, cust_id, from_date) values ('3572354523092420', 25, '2018-06-17');
insert into Owns (number, cust_id, from_date) values ('6709508673532274', 26, '2019-05-06');
insert into Owns (number, cust_id, from_date) values ('3057259069271309', 27, '2018-04-29');
insert into Owns (number, cust_id, from_date) values ('2015089745735288', 28, '2018-10-02');
insert into Owns (number, cust_id, from_date) values ('6771394585655680', 29, '2018-02-12');
insert into Owns (number, cust_id, from_date) values ('3571053337048658', 30, '2018-02-18');
insert into Owns (number, cust_id, from_date) values ('4017957491194401', 31, '2018-02-13');
insert into Owns (number, cust_id, from_date) values ('4041591939401582', 32, '2018-11-19');
insert into Owns (number, cust_id, from_date) values ('4041375330940190', 33, '2019-03-09');
insert into Owns (number, cust_id, from_date) values ('4017951417497044', 34, '2018-05-28');
insert into Owns (number, cust_id, from_date) values ('4041598398285359', 35, '2017-06-03');
insert into Owns (number, cust_id, from_date) values ('4728430937693572', 36, '2018-10-23');
insert into Owns (number, cust_id, from_date) values ('4017954895365311', 37, '2019-07-21');
insert into Owns (number, cust_id, from_date) values ('4166035824010245', 38, '2017-08-07');
insert into Owns (number, cust_id, from_date) values ('4041370694014317', 39, '2018-04-13');
insert into Owns (number, cust_id, from_date) values ('4460704956257952', 40, '2019-01-19');

insert into Rooms (location, seating_capacity) values ('Brijest', 27);
insert into Rooms (location, seating_capacity) values ('Pontevedra', 57);
insert into Rooms (location, seating_capacity) values ('La Paz', 22);
insert into Rooms (location, seating_capacity) values ('Busdi', 51);
insert into Rooms (location, seating_capacity) values ('Igurubi', 11);
insert into Rooms (location, seating_capacity) values ('Peranap', 87);
insert into Rooms (location, seating_capacity) values ('Siborong-borong', 40);
insert into Rooms (location, seating_capacity) values ('Baisha', 27);
insert into Rooms (location, seating_capacity) values ('Bisee', 46);
insert into Rooms (location, seating_capacity) values ('Lebork', 37);

insert into Courses (title, duration, description, name) values ('Chlidonias leucopterus', 2, 'Sharable static initiative', 'Stringtough');
insert into Courses (title, duration, description, name) values ('Pytilia melba', 1, 'Expanded intangible conglomeration', 'Stringtough');
insert into Courses (title, duration, description, name) values ('Paradoxurus hermaphroditus', 3, 'Streamlined asynchronous methodology', 'Stringtough');
insert into Courses (title, duration, description, name) values ('Castor fiber', 2, 'Persevering asymmetric attitude', 'Tempsoft');
insert into Courses (title, duration, description, name) values ('Sarcorhamphus papa', 3, 'Re-contextualized client-server orchestration', 'Tempsoft');
insert into Courses (title, duration, description, name) values ('Cabassous sp.', 2, 'Stand-alone logistical secured line', 'Tempsoft');
insert into Courses (title, duration, description, name) values ('Eurocephalus anguitimens', 3, 'Exclusive 6th generation task-force', 'Matsoft');
insert into Courses (title, duration, description, name) values ('Speotyte cuniculata', 1, 'Multi-layered full-range productivity', 'Matsoft');
insert into Courses (title, duration, description, name) values ('Lemur catta', 2, 'Seamless dedicated policy', 'Matsoft');
insert into Courses (title, duration, description, name) values ('Carduelis uropygialis', 1, 'Ergonomic system-worthy time-frame', 'Viva');
insert into Courses (title, duration, description, name) values ('Panthera leo', 1, 'Public-key executive process improvement', 'Viva');
insert into Courses (title, duration, description, name) values ('Alopochen aegyptiacus', 3, 'Public-key bottom-line benchmark', 'Viva');
insert into Courses (title, duration, description, name) values ('Spheniscus mendiculus', 3, 'Sharable 3rd generation internet solution', 'Andalax');
insert into Courses (title, duration, description, name) values ('Merops sp.', 3, 'Multi-layered grid-enabled parallelism', 'Andalax');
insert into Courses (title, duration, description, name) values ('Myrmecophaga tridactyla', 3, 'Future-proofed zero administration toolset', 'Andalax');
insert into Courses (title, duration, description, name) values ('Macropus rufogriseus', 1, 'Cloned hybrid neural-net', 'Zathin');
insert into Courses (title, duration, description, name) values ('Tockus erythrorhyncus', 3, 'Robust analyzing emulation', 'Zathin');
insert into Courses (title, duration, description, name) values ('Cercopithecus aethiops', 3, 'Up-sized full-range forecast', 'Zathin');
insert into Courses (title, duration, description, name) values ('Chelodina longicollis', 1, 'Synchronised explicit Graphic Interface', 'Holdlamis');
insert into Courses (title, duration, description, name) values ('Tamiasciurus hudsonicus', 1, 'Self-enabling neutral workforce', 'Holdlamis');
insert into Courses (title, duration, description, name) values ('Vulpes vulpes', 3, 'Quality-focused multi-state hardware', 'Holdlamis');
insert into Courses (title, duration, description, name) values ('Felis chaus', 3, 'Managed responsive toolset', 'Home Ing');
insert into Courses (title, duration, description, name) values ('Paradoxurus hermaphroditus', 3, 'Customer-focused zero defect capability', 'Home Ing');
insert into Courses (title, duration, description, name) values ('Pteronura brasiliensis', 3, 'Distributed multi-tasking encryption', 'Home Ing');
insert into Courses (title, duration, description, name) values ('Phalacrocorax albiventer', 2, 'Multi-channelled next generation complexity', 'SoftWork');
insert into Courses (title, duration, description, name) values ('Numida meleagris', 1, 'Object-based responsive strategy', 'SoftWork');
insert into Courses (title, duration, description, name) values ('Sitta canadensis', 1, 'Upgradable methodical Graphic Interface', 'SoftWork');
insert into Courses (title, duration, description, name) values ('Streptopelia decipiens', 1, 'Optional demand-driven strategy', 'Wrapsafe');
insert into Courses (title, duration, description, name) values ('Dasyurus viverrinus', 3, 'Organic zero administration concept', 'Wrapsafe');
insert into Courses (title, duration, description, name) values ('Uraeginthus angolensis', 1, 'Front-line human-resource algorithm', 'Wrapsafe');

insert into Course_packages (sale_start_date, num_free_registrations, name, sale_end_date, price) values ('2020-01-01', 10, 'Solarbreeze', '2022-02-01', 732.06);
insert into Course_packages (sale_start_date, num_free_registrations, name, sale_end_date, price) values ('2020-01-01', 3, 'Prodder', '2022-03-01', 992.63);
insert into Course_packages (sale_start_date, num_free_registrations, name, sale_end_date, price) values ('2020-01-01', 4, 'Treeflex', '2022-01-06', 398.99);
insert into Course_packages (sale_start_date, num_free_registrations, name, sale_end_date, price) values ('2020-01-01', 8, 'Duobam', '2022-03-05', 471.22);
insert into Course_packages (sale_start_date, num_free_registrations, name, sale_end_date, price) values ('2020-01-01', 9, 'Sonair', '2022-03-05', 821.08);
insert into Course_packages (sale_start_date, num_free_registrations, name, sale_end_date, price) values ('2020-01-01', 1, 'Andalax', '2022-01-19', 234.25);
insert into Course_packages (sale_start_date, num_free_registrations, name, sale_end_date, price) values ('2020-01-01', 10, 'Bamity', '2022-03-14', 528.4);
insert into Course_packages (sale_start_date, num_free_registrations, name, sale_end_date, price) values ('2020-01-01', 7, 'Biodex', '2022-01-25', 840.39);
insert into Course_packages (sale_start_date, num_free_registrations, name, sale_end_date, price) values ('2020-01-01', 8, 'Temp', '2022-01-09', 768.07);
insert into Course_packages (sale_start_date, num_free_registrations, name, sale_end_date, price) values ('2020-01-01', 1, 'Duobam', '2022-03-19', 351.41);

insert into Offerings (launch_date, start_date, end_date, registration_deadline, target_number_registrations, seating_capacity, fees, eid, course_id) values ('2020-04-01', null, null, '2021-04-03', 80, 0, 101, 91, 1);
insert into Offerings (launch_date, start_date, end_date, registration_deadline, target_number_registrations, seating_capacity, fees, eid, course_id) values ('2020-04-01', null, null, '2021-04-11', 70, 0, 102, 83, 2);
insert into Offerings (launch_date, start_date, end_date, registration_deadline, target_number_registrations, seating_capacity, fees, eid, course_id) values ('2020-04-01', null, null, '2021-04-13', 70, 0, 103, 94, 3);
insert into Offerings (launch_date, start_date, end_date, registration_deadline, target_number_registrations, seating_capacity, fees, eid, course_id) values ('2020-04-01', null, null, '2021-04-15', 60, 0, 104, 81, 4);
insert into Offerings (launch_date, start_date, end_date, registration_deadline, target_number_registrations, seating_capacity, fees, eid, course_id) values ('2020-04-01', null, null, '2021-04-17', 60, 0, 105, 95, 5);
insert into Offerings (launch_date, start_date, end_date, registration_deadline, target_number_registrations, seating_capacity, fees, eid, course_id) values ('2020-04-01', null, null, '2021-04-03', 60, 0, 106, 87, 6);
insert into Offerings (launch_date, start_date, end_date, registration_deadline, target_number_registrations, seating_capacity, fees, eid, course_id) values ('2020-04-01', null, null, '2021-04-04', 60, 0, 107, 97, 7);
insert into Offerings (launch_date, start_date, end_date, registration_deadline, target_number_registrations, seating_capacity, fees, eid, course_id) values ('2020-04-01', null, null, '2021-04-12', 70, 0, 108, 85, 8);
insert into Offerings (launch_date, start_date, end_date, registration_deadline, target_number_registrations, seating_capacity, fees, eid, course_id) values ('2020-04-01', null, null, '2021-04-14', 70, 0, 109, 99, 9);
insert into Offerings (launch_date, start_date, end_date, registration_deadline, target_number_registrations, seating_capacity, fees, eid, course_id) values ('2020-04-01', null, null, '2021-04-16', 60, 0, 110, 88, 10);
insert into Offerings (launch_date, start_date, end_date, registration_deadline, target_number_registrations, seating_capacity, fees, eid, course_id) values ('2021-02-15', null, null, '2021-09-12', 80, 0, 123, 86, 2);
insert into Offerings (launch_date, start_date, end_date, registration_deadline, target_number_registrations, seating_capacity, fees, eid, course_id) values ('2021-01-01', null, null, '2021-05-31', 40, 0, 176, 85, 3);
insert into Offerings (launch_date, start_date, end_date, registration_deadline, target_number_registrations, seating_capacity, fees, eid, course_id) values ('2021-02-28', null, null, '2022-02-21', 22, 0, 106, 86, 10);
insert into Offerings (launch_date, start_date, end_date, registration_deadline, target_number_registrations, seating_capacity, fees, eid, course_id) values ('2021-02-07', null, null, '2021-12-07', 22, 0, 159, 81, 22);
insert into Offerings (launch_date, start_date, end_date, registration_deadline, target_number_registrations, seating_capacity, fees, eid, course_id) values ('2021-01-13', null, null, '2021-09-30', 22, 0, 158, 99, 23);
insert into Offerings (launch_date, start_date, end_date, registration_deadline, target_number_registrations, seating_capacity, fees, eid, course_id) values ('2021-02-09', null, null, '2021-10-21', 46, 0, 16, 97, 17);
insert into Offerings (launch_date, start_date, end_date, registration_deadline, target_number_registrations, seating_capacity, fees, eid, course_id) values ('2021-01-26', null, null, '2022-01-29', 40, 0, 172, 82, 1);
insert into Offerings (launch_date, start_date, end_date, registration_deadline, target_number_registrations, seating_capacity, fees, eid, course_id) values ('2021-02-28', null, null, '2021-11-13', 25, 0, 37, 87, 19);
insert into Offerings (launch_date, start_date, end_date, registration_deadline, target_number_registrations, seating_capacity, fees, eid, course_id) values ('2021-02-28', null, null, '2021-08-04', 50, 0, 158, 82, 20);
insert into Offerings (launch_date, start_date, end_date, registration_deadline, target_number_registrations, seating_capacity, fees, eid, course_id) values ('2021-02-10', null, null, '2022-02-23', 20, 0, 37, 85, 30);
insert into Offerings (launch_date, start_date, end_date, registration_deadline, target_number_registrations, seating_capacity, fees, eid, course_id) values ('2021-01-09', null, null, '2021-06-28', 60, 0, 170, 90, 29);
insert into Offerings (launch_date, start_date, end_date, registration_deadline, target_number_registrations, seating_capacity, fees, eid, course_id) values ('2021-01-06', null, null, '2022-01-13', 44, 0, 144, 95, 9);
insert into Offerings (launch_date, start_date, end_date, registration_deadline, target_number_registrations, seating_capacity, fees, eid, course_id) values ('2021-01-31', null, null, '2021-09-02', 20, 0, 106, 97, 8);
insert into Offerings (launch_date, start_date, end_date, registration_deadline, target_number_registrations, seating_capacity, fees, eid, course_id) values ('2021-02-27', null, null, '2022-02-10', 15, 0, 128, 94, 11);
insert into Offerings (launch_date, start_date, end_date, registration_deadline, target_number_registrations, seating_capacity, fees, eid, course_id) values ('2021-02-27', null, null, '2021-07-11', 40, 0, 52, 96, 12);
insert into Offerings (launch_date, start_date, end_date, registration_deadline, target_number_registrations, seating_capacity, fees, eid, course_id) values ('2021-01-02', null, null, '2022-01-08', 40, 0, 41, 81, 13);
insert into Offerings (launch_date, start_date, end_date, registration_deadline, target_number_registrations, seating_capacity, fees, eid, course_id) values ('2021-02-15', null, null, '2021-05-28', 20, 0, 154, 93, 4);
insert into Offerings (launch_date, start_date, end_date, registration_deadline, target_number_registrations, seating_capacity, fees, eid, course_id) values ('2021-02-12', null, null, '2022-02-17', 20, 0, 155, 94, 14);
insert into Offerings (launch_date, start_date, end_date, registration_deadline, target_number_registrations, seating_capacity, fees, eid, course_id) values ('2021-01-17', null, null, '2022-02-04', 10, 0, 12, 88, 5);
insert into Offerings (launch_date, start_date, end_date, registration_deadline, target_number_registrations, seating_capacity, fees, eid, course_id) values ('2021-02-13', null, null, '2022-01-17', 20, 0, 160, 91, 24);
insert into Offerings (launch_date, start_date, end_date, registration_deadline, target_number_registrations, seating_capacity, fees, eid, course_id) values ('2021-02-06', null, null, '2022-02-05', 18, 0, 188, 96, 15);
insert into Offerings (launch_date, start_date, end_date, registration_deadline, target_number_registrations, seating_capacity, fees, eid, course_id) values ('2021-02-11', null, null, '2022-02-25', 30, 0, 128, 95, 27);
insert into Offerings (launch_date, start_date, end_date, registration_deadline, target_number_registrations, seating_capacity, fees, eid, course_id) values ('2021-01-23', null, null, '2021-07-10', 30, 0, 111, 95, 3);
insert into Offerings (launch_date, start_date, end_date, registration_deadline, target_number_registrations, seating_capacity, fees, eid, course_id) values ('2021-01-19', null, null, '2021-09-06', 30, 0, 137, 94, 25);
insert into Offerings (launch_date, start_date, end_date, registration_deadline, target_number_registrations, seating_capacity, fees, eid, course_id) values ('2021-02-06', null, null, '2021-09-07', 20, 0, 61, 87, 18);
insert into Offerings (launch_date, start_date, end_date, registration_deadline, target_number_registrations, seating_capacity, fees, eid, course_id) values ('2021-02-28', null, null, '2021-09-02', 30, 0, 65, 93, 21);
insert into Offerings (launch_date, start_date, end_date, registration_deadline, target_number_registrations, seating_capacity, fees, eid, course_id) values ('2021-01-17', null, null, '2021-10-09', 30, 0, 102, 81, 29);
insert into Offerings (launch_date, start_date, end_date, registration_deadline, target_number_registrations, seating_capacity, fees, eid, course_id) values ('2021-01-20', null, null, '2021-08-03', 30, 0, 169, 94, 26);
insert into Offerings (launch_date, start_date, end_date, registration_deadline, target_number_registrations, seating_capacity, fees, eid, course_id) values ('2021-02-27', null, null, '2021-12-31', 43, 0, 25, 96, 6);
insert into Offerings (launch_date, start_date, end_date, registration_deadline, target_number_registrations, seating_capacity, fees, eid, course_id) values ('2021-02-28', null, null, '2021-10-12', 50, 0, 135, 82, 16);
insert into Offerings (launch_date, start_date, end_date, registration_deadline, target_number_registrations, seating_capacity, fees, eid, course_id) values ('2021-02-21', null, null, '2021-08-10', 50, 0, 181, 95, 18);
insert into Offerings (launch_date, start_date, end_date, registration_deadline, target_number_registrations, seating_capacity, fees, eid, course_id) values ('2021-02-21', null, null, '2021-11-20', 40, 0, 28, 94, 6);
insert into Offerings (launch_date, start_date, end_date, registration_deadline, target_number_registrations, seating_capacity, fees, eid, course_id) values ('2021-02-18', null, null, '2021-07-23', 70, 0, 173, 96, 15);
insert into Offerings (launch_date, start_date, end_date, registration_deadline, target_number_registrations, seating_capacity, fees, eid, course_id) values ('2021-01-28', null, null, '2022-02-10', 10, 0, 163, 91, 10);
insert into Offerings (launch_date, start_date, end_date, registration_deadline, target_number_registrations, seating_capacity, fees, eid, course_id) values ('2021-01-05', null, null, '2022-01-17', 10, 0, 69, 83, 28);
insert into Offerings (launch_date, start_date, end_date, registration_deadline, target_number_registrations, seating_capacity, fees, eid, course_id) values ('2021-02-08', null, null, '2021-11-16', 10, 0, 123, 94, 8);
insert into Offerings (launch_date, start_date, end_date, registration_deadline, target_number_registrations, seating_capacity, fees, eid, course_id) values ('2021-02-08', null, null, '2021-05-26', 10, 0, 184, 99, 7);
insert into Offerings (launch_date, start_date, end_date, registration_deadline, target_number_registrations, seating_capacity, fees, eid, course_id) values ('2021-01-02', null, null, '2022-01-03', 70, 0, 150, 100, 30);
insert into Offerings (launch_date, start_date, end_date, registration_deadline, target_number_registrations, seating_capacity, fees, eid, course_id) values ('2021-02-06', null, null, '2021-07-04', 10, 0, 149, 93, 11);
insert into Offerings (launch_date, start_date, end_date, registration_deadline, target_number_registrations, seating_capacity, fees, eid, course_id) values ('2021-02-13', null, null, '2021-07-26', 60, 0, 54, 82, 12);
insert into Offerings (launch_date, start_date, end_date, registration_deadline, target_number_registrations, seating_capacity, fees, eid, course_id) values ('2021-04-01', null, null, '2021-04-03', 80, 0, 101, 91, 1);
insert into Offerings (launch_date, start_date, end_date, registration_deadline, target_number_registrations, seating_capacity, fees, eid, course_id) values ('2021-04-01', null, null, '2021-04-11', 70, 0, 102, 83, 4);
insert into Offerings (launch_date, start_date, end_date, registration_deadline, target_number_registrations, seating_capacity, fees, eid, course_id) values ('2021-04-01', null, null, '2021-04-13', 70, 0, 103, 94, 7);
insert into Offerings (launch_date, start_date, end_date, registration_deadline, target_number_registrations, seating_capacity, fees, eid, course_id) values ('2021-04-01', null, null, '2021-04-15', 60, 0, 104, 81, 10);
insert into Offerings (launch_date, start_date, end_date, registration_deadline, target_number_registrations, seating_capacity, fees, eid, course_id) values ('2021-04-01', null, null, '2021-04-17', 60, 0, 105, 95, 13);
insert into Offerings (launch_date, start_date, end_date, registration_deadline, target_number_registrations, seating_capacity, fees, eid, course_id) values ('2021-04-01', null, null, '2021-04-03', 60, 0, 106, 87, 16);
insert into Offerings (launch_date, start_date, end_date, registration_deadline, target_number_registrations, seating_capacity, fees, eid, course_id) values ('2021-04-01', null, null, '2021-04-04', 60, 0, 107, 97, 19);
insert into Offerings (launch_date, start_date, end_date, registration_deadline, target_number_registrations, seating_capacity, fees, eid, course_id) values ('2021-04-01', null, null, '2021-04-12', 70, 0, 108, 85, 22);
insert into Offerings (launch_date, start_date, end_date, registration_deadline, target_number_registrations, seating_capacity, fees, eid, course_id) values ('2021-04-01', null, null, '2021-04-14', 70, 0, 109, 99, 25);
insert into Offerings (launch_date, start_date, end_date, registration_deadline, target_number_registrations, seating_capacity, fees, eid, course_id) values ('2021-04-01', null, null, '2021-04-16', 60, 0, 110, 88, 28);

insert into Sessions (sid, date, end_time, start_time, launch_date, course_id, rid, eid) values (1, '2021-09-22', 11, 9, '2020-04-01', 1, 1, 4);
insert into Sessions (sid, date, end_time, start_time, launch_date, course_id, rid, eid) values (1, '2022-03-02', 12, 11, '2020-04-01', 2, 1, 4);
insert into Sessions (sid, date, end_time, start_time, launch_date, course_id, rid, eid) values (1, '2022-03-03', 12, 9, '2020-04-01', 3, 1, 4);
insert into Sessions (sid, date, end_time, start_time, launch_date, course_id, rid, eid) values (1, '2021-12-17', 16, 14, '2020-04-01', 4, 1, 23);
insert into Sessions (sid, date, end_time, start_time, launch_date, course_id, rid, eid) values (1, '2021-10-10', 18, 15, '2020-04-01', 5, 1, 23);
insert into Sessions (sid, date, end_time, start_time, launch_date, course_id, rid, eid) values (1, '2021-11-06', 17, 15, '2020-04-01', 6, 1, 23);
insert into Sessions (sid, date, end_time, start_time, launch_date, course_id, rid, eid) values (1, '2022-02-08', 12, 9, '2020-04-01', 7, 2, 47);
insert into Sessions (sid, date, end_time, start_time, launch_date, course_id, rid, eid) values (1, '2021-11-23', 18, 17, '2020-04-01', 8, 2, 47);
insert into Sessions (sid, date, end_time, start_time, launch_date, course_id, rid, eid) values (1, '2021-08-14', 18, 16, '2020-04-01', 9, 2, 47);
insert into Sessions (sid, date, end_time, start_time, launch_date, course_id, rid, eid) values (1, '2022-03-05', 15, 14, '2020-04-01', 10, 9, 14);
insert into Sessions (sid, date, end_time, start_time, launch_date, course_id, rid, eid) values (1, '2021-09-22', 10, 9, '2021-02-15', 2, 1, 4);
insert into Sessions (sid, date, end_time, start_time, launch_date, course_id, rid, eid) values (1, '2022-03-02', 12, 9, '2021-01-01', 3, 1, 12);
insert into Sessions (sid, date, end_time, start_time, launch_date, course_id, rid, eid) values (1, '2022-03-03', 10, 9, '2021-02-28', 10, 1, 2);
insert into Sessions (sid, date, end_time, start_time, launch_date, course_id, rid, eid) values (1, '2021-12-17', 17, 14, '2021-02-07', 22, 1, 41);
insert into Sessions (sid, date, end_time, start_time, launch_date, course_id, rid, eid) values (1, '2021-10-10', 18, 15, '2021-01-13', 23, 1, 59);
insert into Sessions (sid, date, end_time, start_time, launch_date, course_id, rid, eid) values (1, '2021-11-06', 18, 15, '2021-02-09', 17, 1, 57);
insert into Sessions (sid, date, end_time, start_time, launch_date, course_id, rid, eid) values (1, '2022-02-08', 12, 10, '2021-01-26', 1, 2, 17);
insert into Sessions (sid, date, end_time, start_time, launch_date, course_id, rid, eid) values (1, '2021-11-23', 18, 17, '2021-02-28', 19, 2, 38);
insert into Sessions (sid, date, end_time, start_time, launch_date, course_id, rid, eid) values (1, '2021-08-14', 18, 17, '2021-02-28', 20, 2, 55);
insert into Sessions (sid, date, end_time, start_time, launch_date, course_id, rid, eid) values (1, '2022-03-05', 15, 14, '2021-02-10', 30, 9, 49);
insert into Sessions (sid, date, end_time, start_time, launch_date, course_id, rid, eid) values (1, '2021-07-08', 17, 14, '2021-01-09', 29, 9, 51);
insert into Sessions (sid, date, end_time, start_time, launch_date, course_id, rid, eid) values (1, '2022-01-23', 11, 9, '2021-01-06', 9, 9, 6);
insert into Sessions (sid, date, end_time, start_time, launch_date, course_id, rid, eid) values (1, '2021-09-12', 12, 11, '2021-01-31', 8, 2, 9);
insert into Sessions (sid, date, end_time, start_time, launch_date, course_id, rid, eid) values (1, '2022-02-20', 11, 10, '2021-02-27', 11, 2, 14);
insert into Sessions (sid, date, end_time, start_time, launch_date, course_id, rid, eid) values (1, '2021-07-21', 12, 9, '2021-02-27', 12, 2, 50);
insert into Sessions (sid, date, end_time, start_time, launch_date, course_id, rid, eid) values (1, '2022-01-18', 17, 14, '2021-01-02', 13, 2, 48);
insert into Sessions (sid, date, end_time, start_time, launch_date, course_id, rid, eid) values (1, '2021-06-07', 12, 10, '2021-02-15', 4, 3, 54);
insert into Sessions (sid, date, end_time, start_time, launch_date, course_id, rid, eid) values (1, '2022-02-27', 18, 15, '2021-02-12', 14, 3, 10);
insert into Sessions (sid, date, end_time, start_time, launch_date, course_id, rid, eid) values (1, '2022-02-14', 12, 9, '2021-01-17', 5, 3, 23);
insert into Sessions (sid, date, end_time, start_time, launch_date, course_id, rid, eid) values (1, '2022-01-27', 17, 14, '2021-02-13', 24, 3, 41);
insert into Sessions (sid, date, end_time, start_time, launch_date, course_id, rid, eid) values (1, '2022-02-15', 17, 14, '2021-02-06', 15, 3, 48);
insert into Sessions (sid, date, end_time, start_time, launch_date, course_id, rid, eid) values (1, '2022-03-07', 16, 15, '2021-02-11', 27, 10, 15);
insert into Sessions (sid, date, end_time, start_time, launch_date, course_id, rid, eid) values (1, '2021-07-20', 12, 9, '2021-01-23', 3, 10, 4);
insert into Sessions (sid, date, end_time, start_time, launch_date, course_id, rid, eid) values (1, '2021-09-16', 17, 15, '2021-01-19', 25, 10, 43);
insert into Sessions (sid, date, end_time, start_time, launch_date, course_id, rid, eid) values (2, '2021-09-17', 17, 14, '2021-02-06', 18, 3, 36);
insert into Sessions (sid, date, end_time, start_time, launch_date, course_id, rid, eid) values (1, '2021-09-12', 18, 15, '2021-02-28', 21, 4, 67);
insert into Sessions (sid, date, end_time, start_time, launch_date, course_id, rid, eid) values (1, '2021-10-19', 18, 15, '2021-01-17', 29, 4, 63);
insert into Sessions (sid, date, end_time, start_time, launch_date, course_id, rid, eid) values (1, '2021-08-13', 17, 16, '2021-01-20', 26, 4, 43);
insert into Sessions (sid, date, end_time, start_time, launch_date, course_id, rid, eid) values (1, '2022-01-10', 12, 10, '2021-02-27', 6, 4, 1);
insert into Sessions (sid, date, end_time, start_time, launch_date, course_id, rid, eid) values (1, '2021-10-22', 18, 17, '2021-02-28', 16, 4, 3);
insert into Sessions (sid, date, end_time, start_time, launch_date, course_id, rid, eid) values (1, '2021-08-20', 18, 15, '2021-02-21', 18, 4, 3);
insert into Sessions (sid, date, end_time, start_time, launch_date, course_id, rid, eid) values (1, '2021-11-30', 12, 10, '2021-02-21', 6, 4, 1);
insert into Sessions (sid, date, end_time, start_time, launch_date, course_id, rid, eid) values (1, '2022-02-25', 18, 15, '2021-02-18', 15, 4, 48);
insert into Sessions (sid, date, end_time, start_time, launch_date, course_id, rid, eid) values (1, '2022-02-20', 11, 10, '2021-01-28', 10, 5, 14);
insert into Sessions (sid, date, end_time, start_time, launch_date, course_id, rid, eid) values (1, '2022-01-27', 18, 17, '2021-01-05', 28, 5, 26);
insert into Sessions (sid, date, end_time, start_time, launch_date, course_id, rid, eid) values (1, '2021-11-26', 10, 9, '2021-02-08', 8, 5, 61);
insert into Sessions (sid, date, end_time, start_time, launch_date, course_id, rid, eid) values (1, '2021-06-05', 12, 9, '2021-02-08', 7, 5, 47);
insert into Sessions (sid, date, end_time, start_time, launch_date, course_id, rid, eid) values (1, '2022-01-13', 17, 16, '2021-01-02', 30, 5, 65);
insert into Sessions (sid, date, end_time, start_time, launch_date, course_id, rid, eid) values (1, '2021-07-14', 12, 11, '2021-02-06', 11, 5, 28);
insert into Sessions (sid, date, end_time, start_time, launch_date, course_id, rid, eid) values (1, '2022-01-06', 12, 9, '2021-02-13', 12, 6, 28);
insert into Sessions (sid, date, end_time, start_time, launch_date, course_id, rid, eid) values (2, '2022-03-06', 11, 10, '2021-02-15', 2, 6, 37);
insert into Sessions (sid, date, end_time, start_time, launch_date, course_id, rid, eid) values (2, '2022-03-27', 17, 14, '2021-01-09', 29, 6, 49);
insert into Sessions (sid, date, end_time, start_time, launch_date, course_id, rid, eid) values (2, '2021-08-05', 12, 9, '2021-02-13', 12, 6, 39);
insert into Sessions (sid, date, end_time, start_time, launch_date, course_id, rid, eid) values (2, '2022-01-13', 16, 15, '2021-01-02', 30, 6, 26);
insert into Sessions (sid, date, end_time, start_time, launch_date, course_id, rid, eid) values (2, '2022-02-12', 17, 14, '2021-02-13', 24, 7, 59);
insert into Sessions (sid, date, end_time, start_time, launch_date, course_id, rid, eid) values (2, '2021-11-25', 12, 11, '2021-01-31', 8, 7, 61);
insert into Sessions (sid, date, end_time, start_time, launch_date, course_id, rid, eid) values (2, '2021-06-10', 12, 9, '2021-01-01', 3, 7, 12);
insert into Sessions (sid, date, end_time, start_time, launch_date, course_id, rid, eid) values (2, '2021-10-31', 17, 14, '2021-02-09', 17, 8, 57);
insert into Sessions (sid, date, end_time, start_time, launch_date, course_id, rid, eid) values (2, '2022-02-21', 18, 15, '2021-02-21', 18, 8, 3);
insert into Sessions (sid, date, end_time, start_time, launch_date, course_id, rid, eid) values (2, '2021-08-02', 17, 14, '2021-02-18', 15, 8, 42);
insert into Sessions (sid, date, end_time, start_time, launch_date, course_id, rid, eid) values (1, '2021-04-13', 11, 9, '2021-04-01', 1, 1, 4);
insert into Sessions (sid, date, end_time, start_time, launch_date, course_id, rid, eid) values (2, '2021-04-14', 12, 10, '2021-04-01', 1, 2, 4);
insert into Sessions (sid, date, end_time, start_time, launch_date, course_id, rid, eid) values (1, '2021-04-22', 11, 9, '2021-04-01', 4, 2, 54);
insert into Sessions (sid, date, end_time, start_time, launch_date, course_id, rid, eid) values (2, '2021-04-23', 16, 14, '2021-04-01', 4, 3, 54);
insert into Sessions (sid, date, end_time, start_time, launch_date, course_id, rid, eid) values (1, '2021-04-24', 18, 15, '2021-04-01', 7, 3, 61);
insert into Sessions (sid, date, end_time, start_time, launch_date, course_id, rid, eid) values (2, '2021-04-25', 18, 15, '2021-04-01', 7, 4, 61);
insert into Sessions (sid, date, end_time, start_time, launch_date, course_id, rid, eid) values (1, '2021-04-26', 11, 10, '2021-04-01', 10, 4, 64);
insert into Sessions (sid, date, end_time, start_time, launch_date, course_id, rid, eid) values (2, '2021-04-27', 18, 17, '2021-04-01', 10, 5, 64);
insert into Sessions (sid, date, end_time, start_time, launch_date, course_id, rid, eid) values (1, '2021-04-28', 18, 15, '2021-04-01', 13, 5, 66);
insert into Sessions (sid, date, end_time, start_time, launch_date, course_id, rid, eid) values (2, '2021-04-29', 17, 14, '2021-04-01', 13, 6, 66);
insert into Sessions (sid, date, end_time, start_time, launch_date, course_id, rid, eid) values (1, '2021-04-30', 10, 9, '2021-04-01', 16, 6, 57);
insert into Sessions (sid, date, end_time, start_time, launch_date, course_id, rid, eid) values (2, '2021-04-13', 10, 9, '2021-04-01', 16, 7, 57);
insert into Sessions (sid, date, end_time, start_time, launch_date, course_id, rid, eid) values (1, '2021-04-14', 10, 9, '2021-04-01', 19, 7, 67);
insert into Sessions (sid, date, end_time, start_time, launch_date, course_id, rid, eid) values (2, '2021-04-22', 15, 14, '2021-04-01', 19, 8, 67);
insert into Sessions (sid, date, end_time, start_time, launch_date, course_id, rid, eid) values (1, '2021-04-23', 18, 15, '2021-04-01', 22, 8, 68);
insert into Sessions (sid, date, end_time, start_time, launch_date, course_id, rid, eid) values (2, '2021-04-24', 18, 15, '2021-04-01', 22, 9, 68);
insert into Sessions (sid, date, end_time, start_time, launch_date, course_id, rid, eid) values (1, '2021-04-25', 12, 10, '2021-04-01', 25, 9, 8);
insert into Sessions (sid, date, end_time, start_time, launch_date, course_id, rid, eid) values (2, '2021-04-26', 18, 16, '2021-04-01', 25, 10, 8);
insert into Sessions (sid, date, end_time, start_time, launch_date, course_id, rid, eid) values (1, '2021-04-27', 18, 17, '2021-04-01', 28, 10, 65);
insert into Sessions (sid, date, end_time, start_time, launch_date, course_id, rid, eid) values (2, '2021-04-28', 15, 14, '2021-04-01', 28, 1, 65);

insert into Buys (buy_date, num_remaining_redemptions, cust_id, number, package_id) values ('2020-01-01', 4, 16, '5010127125870152', 3);
insert into Buys (buy_date, num_remaining_redemptions, cust_id, number, package_id) values ('2020-01-01', 3, 17, '5602214926170208', 2);
insert into Buys (buy_date, num_remaining_redemptions, cust_id, number, package_id) values ('2020-01-01', 7, 18, '4405602960131924', 8);
insert into Buys (buy_date, num_remaining_redemptions, cust_id, number, package_id) values ('2020-01-01', 4, 19, '3546641420952323', 3);
insert into Buys (buy_date, num_remaining_redemptions, cust_id, number, package_id) values ('2020-01-01', 4, 20, '5602229441674571', 3);
insert into Buys (buy_date, num_remaining_redemptions, cust_id, number, package_id) values ('2020-01-01', 8, 21, '4026807077536811', 9);
insert into Buys (buy_date, num_remaining_redemptions, cust_id, number, package_id) values ('2020-01-01', 10, 22, '3579229414024463', 1);
insert into Buys (buy_date, num_remaining_redemptions, cust_id, number, package_id) values ('2020-01-01', 8, 23, '5048376949532458', 9);
insert into Buys (buy_date, num_remaining_redemptions, cust_id, number, package_id) values ('2020-01-01', 10, 24, '3559751806764905', 1);
insert into Buys (buy_date, num_remaining_redemptions, cust_id, number, package_id) values ('2020-01-01', 3, 25, '3572354523092420', 2);
insert into Buys (buy_date, num_remaining_redemptions, cust_id, number, package_id) values ('2020-01-01', 9, 26, '6709508673532274', 5);
insert into Buys (buy_date, num_remaining_redemptions, cust_id, number, package_id) values ('2020-01-01', 9, 27, '3057259069271309', 5);
insert into Buys (buy_date, num_remaining_redemptions, cust_id, number, package_id) values ('2020-01-01', 8, 28, '2015089745735288', 9);
insert into Buys (buy_date, num_remaining_redemptions, cust_id, number, package_id) values ('2020-01-01', 4, 29, '6771394585655680', 3);
insert into Buys (buy_date, num_remaining_redemptions, cust_id, number, package_id) values ('2020-01-01', 7, 30, '3571053337048658', 8);

insert into Redeems (redeem_date, buy_date, cust_id, number, package_id, sid, launch_date, course_id) values ('2021-02-07', '2020-01-01', 16, '5010127125870152', 3, 1, '2021-01-01', 3);
insert into Redeems (redeem_date, buy_date, cust_id, number, package_id, sid, launch_date, course_id) values ('2022-02-01', '2020-01-01', 17, '5602214926170208', 2, 1, '2021-02-28', 10);
insert into Redeems (redeem_date, buy_date, cust_id, number, package_id, sid, launch_date, course_id) values ('2022-02-01', '2020-01-01', 18, '4405602960131924', 8, 1, '2021-02-10', 30);
insert into Redeems (redeem_date, buy_date, cust_id, number, package_id, sid, launch_date, course_id) values ('2022-01-05', '2020-01-01', 19, '3546641420952323', 3, 1, '2021-01-26', 1);
insert into Redeems (redeem_date, buy_date, cust_id, number, package_id, sid, launch_date, course_id) values ('2022-02-04', '2020-01-01', 20, '5602229441674571', 3, 1, '2021-02-12', 14);
insert into Redeems (redeem_date, buy_date, cust_id, number, package_id, sid, launch_date, course_id) values ('2022-01-10', '2020-01-01', 21, '4026807077536811', 9, 1, '2021-02-06', 15);
insert into Redeems (redeem_date, buy_date, cust_id, number, package_id, sid, launch_date, course_id) values ('2021-12-21', '2020-01-01', 22, '3579229414024463', 1, 1, '2021-01-02', 13);
insert into Redeems (redeem_date, buy_date, cust_id, number, package_id, sid, launch_date, course_id) values ('2022-01-10', '2020-01-01', 23, '5048376949532458', 9, 1, '2021-01-17', 5);
insert into Redeems (redeem_date, buy_date, cust_id, number, package_id, sid, launch_date, course_id) values ('2021-11-11', '2020-01-01', 24, '3559751806764905', 1, 1, '2021-01-02', 30);
insert into Redeems (redeem_date, buy_date, cust_id, number, package_id, sid, launch_date, course_id) values ('2021-06-23', '2020-01-01', 25, '3572354523092420', 2, 2, '2021-02-18', 15);
insert into Redeems (redeem_date, buy_date, cust_id, number, package_id, sid, launch_date, course_id) values ('2022-01-06', '2020-01-01', 26, '6709508673532274', 5, 1, '2021-01-05', 28);
insert into Redeems (redeem_date, buy_date, cust_id, number, package_id, sid, launch_date, course_id) values ('2021-12-15', '2020-01-01', 27, '3057259069271309', 5, 1, '2021-01-02', 30);
insert into Redeems (redeem_date, buy_date, cust_id, number, package_id, sid, launch_date, course_id) values ('2021-09-01', '2020-01-01', 28, '2015089745735288', 9, 2, '2021-02-15', 2);
insert into Redeems (redeem_date, buy_date, cust_id, number, package_id, sid, launch_date, course_id) values ('2022-01-02', '2020-01-01', 29, '6771394585655680', 3, 1, '2021-01-06', 9);
insert into Redeems (redeem_date, buy_date, cust_id, number, package_id, sid, launch_date, course_id) values ('2022-01-11', '2020-01-01', 30, '3571053337048658', 8, 1, '2021-01-28', 10);
insert into Redeems (redeem_date, buy_date, cust_id, number, package_id, sid, launch_date, course_id) values ('2021-04-02', '2020-01-01', 16, '5010127125870152', 3, 2, '2021-04-01', 1);
insert into Redeems (redeem_date, buy_date, cust_id, number, package_id, sid, launch_date, course_id) values ('2021-04-02', '2020-01-01', 17, '5602214926170208', 2, 2, '2021-04-01', 4);
insert into Redeems (redeem_date, buy_date, cust_id, number, package_id, sid, launch_date, course_id) values ('2021-04-02', '2020-01-01', 18, '4405602960131924', 8, 2, '2021-04-01', 7);
insert into Redeems (redeem_date, buy_date, cust_id, number, package_id, sid, launch_date, course_id) values ('2021-04-02', '2020-01-01', 19, '3546641420952323', 3, 2, '2021-04-01', 10);
insert into Redeems (redeem_date, buy_date, cust_id, number, package_id, sid, launch_date, course_id) values ('2021-04-02', '2020-01-01', 20, '5602229441674571', 3, 2, '2021-04-01', 13);
insert into Redeems (redeem_date, buy_date, cust_id, number, package_id, sid, launch_date, course_id) values ('2021-04-02', '2020-01-01', 21, '4026807077536811', 9, 2, '2021-04-01', 16);
insert into Redeems (redeem_date, buy_date, cust_id, number, package_id, sid, launch_date, course_id) values ('2021-04-02', '2020-01-01', 22, '3579229414024463', 1, 2, '2021-04-01', 19);
insert into Redeems (redeem_date, buy_date, cust_id, number, package_id, sid, launch_date, course_id) values ('2021-04-02', '2020-01-01', 23, '5048376949532458', 9, 2, '2021-04-01', 22);
insert into Redeems (redeem_date, buy_date, cust_id, number, package_id, sid, launch_date, course_id) values ('2021-04-02', '2020-01-01', 24, '3559751806764905', 1, 2, '2021-04-01', 25);
insert into Redeems (redeem_date, buy_date, cust_id, number, package_id, sid, launch_date, course_id) values ('2021-04-02', '2020-01-01', 25, '3572354523092420', 2, 2, '2021-04-01', 28);

insert into Registers (date, cust_id, number, sid, launch_date, course_id) values ('2020-05-15', 31, '4017957491194401', 1, '2020-04-01', 1);
insert into Registers (date, cust_id, number, sid, launch_date, course_id) values ('2020-05-01', 32, '4041591939401582', 1, '2020-04-01', 2);
insert into Registers (date, cust_id, number, sid, launch_date, course_id) values ('2020-05-28', 33, '4041375330940190', 1, '2020-04-01', 3);
insert into Registers (date, cust_id, number, sid, launch_date, course_id) values ('2020-05-07', 34, '4017951417497044', 1, '2020-04-01', 4);
insert into Registers (date, cust_id, number, sid, launch_date, course_id) values ('2020-05-13', 35, '4041598398285359', 1, '2020-04-01', 5);
insert into Registers (date, cust_id, number, sid, launch_date, course_id) values ('2020-05-09', 36, '4728430937693572', 1, '2020-04-01', 6);
insert into Registers (date, cust_id, number, sid, launch_date, course_id) values ('2020-05-26', 37, '4017954895365311', 1, '2020-04-01', 7);
insert into Registers (date, cust_id, number, sid, launch_date, course_id) values ('2020-05-28', 38, '4166035824010245', 1, '2020-04-01', 8);
insert into Registers (date, cust_id, number, sid, launch_date, course_id) values ('2020-05-28', 39, '4041370694014317', 1, '2020-04-01', 9);
insert into Registers (date, cust_id, number, sid, launch_date, course_id) values ('2020-05-10', 40, '4460704956257952', 1, '2020-04-01', 10);
insert into Registers (date, cust_id, number, sid, launch_date, course_id) values ('2021-02-26', 5, '5378621445346923', 1, '2021-01-26', 1);
insert into Registers (date, cust_id, number, sid, launch_date, course_id) values ('2021-02-26', 6, '2017821565159001', 1, '2021-01-26', 1);
insert into Registers (date, cust_id, number, sid, launch_date, course_id) values ('2021-03-28', 12, '5280546560744122', 1, '2021-02-28', 19);
insert into Registers (date, cust_id, number, sid, launch_date, course_id) values ('2021-03-28', 15, '2015380586754361', 1, '2021-02-28', 19);
insert into Registers (date, cust_id, number, sid, launch_date, course_id) values ('2021-03-07', 2, '3582536193499665', 1, '2021-02-07', 22);
insert into Registers (date, cust_id, number, sid, launch_date, course_id) values ('2021-03-07', 1, '3588663117792266', 1, '2021-02-07', 22);
insert into Registers (date, cust_id, number, sid, launch_date, course_id) values ('2021-03-15', 1, '3588663117792266', 1, '2021-02-15', 2);
insert into Registers (date, cust_id, number, sid, launch_date, course_id) values ('2021-02-01', 2, '3582536193499665', 1, '2021-01-01', 3);
insert into Registers (date, cust_id, number, sid, launch_date, course_id) values ('2021-03-28', 3, '5610712190254483', 1, '2021-02-28', 10);
insert into Registers (date, cust_id, number, sid, launch_date, course_id) values ('2021-03-07', 4, '3549839765873941', 1, '2021-02-07', 22);
insert into Registers (date, cust_id, number, sid, launch_date, course_id) values ('2021-02-13', 5, '5378621445346923', 1, '2021-01-13', 23);
insert into Registers (date, cust_id, number, sid, launch_date, course_id) values ('2021-03-09', 6, '2017821565159001', 1, '2021-02-09', 17);
insert into Registers (date, cust_id, number, sid, launch_date, course_id) values ('2021-02-26', 7, '6767780884382500', 1, '2021-01-26', 1);
insert into Registers (date, cust_id, number, sid, launch_date, course_id) values ('2021-03-28', 8, '2017353780524091', 1, '2021-02-28', 19);
insert into Registers (date, cust_id, number, sid, launch_date, course_id) values ('2021-03-28', 9, '5641821799737727', 1, '2021-02-28', 20);
insert into Registers (date, cust_id, number, sid, launch_date, course_id) values ('2021-03-10', 10, '5602215506358527', 1, '2021-02-10', 30);
insert into Registers (date, cust_id, number, sid, launch_date, course_id) values ('2021-02-09', 11, '3576644755493221', 1, '2021-01-09', 29);
insert into Registers (date, cust_id, number, sid, launch_date, course_id) values ('2021-02-06', 12, '5280546560744122', 1, '2021-01-06', 9);
insert into Registers (date, cust_id, number, sid, launch_date, course_id) values ('2021-02-28', 13, '4041595701236666', 1, '2021-01-31', 8);
insert into Registers (date, cust_id, number, sid, launch_date, course_id) values ('2021-03-29', 14, '3554174477150947', 1, '2021-02-27', 11);
insert into Registers (date, cust_id, number, sid, launch_date, course_id) values ('2021-03-29', 15, '2015380586754361', 1, '2021-02-27', 12);
insert into Registers (date, cust_id, number, sid, launch_date, course_id) values ('2021-04-02', 1, '3588663117792266', 1, '2021-04-01', 1);
insert into Registers (date, cust_id, number, sid, launch_date, course_id) values ('2021-04-02', 2, '3582536193499665', 1, '2021-04-01', 4);
insert into Registers (date, cust_id, number, sid, launch_date, course_id) values ('2021-04-02', 3, '5610712190254483', 1, '2021-04-01', 7);
insert into Registers (date, cust_id, number, sid, launch_date, course_id) values ('2021-04-02', 4, '3549839765873941', 1, '2021-04-01', 10);
insert into Registers (date, cust_id, number, sid, launch_date, course_id) values ('2021-04-02', 5, '5378621445346923', 1, '2021-04-01', 13);
insert into Registers (date, cust_id, number, sid, launch_date, course_id) values ('2021-04-02', 6, '2017821565159001', 1, '2021-04-01', 16);
insert into Registers (date, cust_id, number, sid, launch_date, course_id) values ('2021-04-02', 7, '6767780884382500', 1, '2021-04-01', 19);
insert into Registers (date, cust_id, number, sid, launch_date, course_id) values ('2021-04-02', 8, '2017353780524091', 1, '2021-04-01', 22);
insert into Registers (date, cust_id, number, sid, launch_date, course_id) values ('2021-04-02', 9, '5641821799737727', 1, '2021-04-01', 25);
insert into Registers (date, cust_id, number, sid, launch_date, course_id) values ('2021-04-02', 10, '5602215506358527', 1, '2021-04-01', 28);

insert into Cancels (cust_id, date, refund_amt, package_credit, sid, launch_date, course_id) values (1, '2021-04-15', 110.7, NULL, 1, '2021-02-15', 2);
insert into Cancels (cust_id, date, refund_amt, package_credit, sid, launch_date, course_id) values (2, '2021-03-01', 158.4, NULL, 1, '2021-01-01', 3);
insert into Cancels (cust_id, date, refund_amt, package_credit, sid, launch_date, course_id) values (3, '2021-04-28', 95.4, NULL, 1, '2021-02-28', 10);
insert into Cancels (cust_id, date, refund_amt, package_credit, sid, launch_date, course_id) values (4, '2021-04-07', 143.1, NULL, 1, '2021-02-07', 22);
insert into Cancels (cust_id, date, refund_amt, package_credit, sid, launch_date, course_id) values (5, '2021-03-13', 142.2, NULL, 1, '2021-01-13', 23);
insert into Cancels (cust_id, date, refund_amt, package_credit, sid, launch_date, course_id) values (16, '2021-02-07', NULL, 1, 1, '2021-01-01', 3);
insert into Cancels (cust_id, date, refund_amt, package_credit, sid, launch_date, course_id) values (17, '2022-03-01', NULL, 0, 1, '2021-02-28', 10);
insert into Cancels (cust_id, date, refund_amt, package_credit, sid, launch_date, course_id) values (18, '2022-03-01', NULL, 0, 1, '2021-02-10', 30);
insert into Cancels (cust_id, date, refund_amt, package_credit, sid, launch_date, course_id) values (19, '2022-02-05', NULL, 0, 1, '2021-01-26', 1);
insert into Cancels (cust_id, date, refund_amt, package_credit, sid, launch_date, course_id) values (20, '2022-02-23', NULL, 0, 1, '2021-02-12', 14);
insert into Cancels (cust_id, date, refund_amt, package_credit, sid, launch_date, course_id) values (1, '2021-04-08', 0, NULL, 1, '2021-04-01', 1);
insert into Cancels (cust_id, date, refund_amt, package_credit, sid, launch_date, course_id) values (2, '2021-04-08', 91.8, NULL, 1, '2021-04-01', 4);
insert into Cancels (cust_id, date, refund_amt, package_credit, sid, launch_date, course_id) values (3, '2021-04-08', 92.7, NULL, 1, '2021-04-01', 7);
insert into Cancels (cust_id, date, refund_amt, package_credit, sid, launch_date, course_id) values (4, '2021-04-08', 93.6, NULL, 1, '2021-04-01', 10);
insert into Cancels (cust_id, date, refund_amt, package_credit, sid, launch_date, course_id) values (5, '2021-04-08', 94.5, NULL, 1, '2021-04-01', 13);
insert into Cancels (cust_id, date, refund_amt, package_credit, sid, launch_date, course_id) values (21, '2021-04-08', NULL, 0, 2, '2021-04-01', 16);
insert into Cancels (cust_id, date, refund_amt, package_credit, sid, launch_date, course_id) values (22, '2021-04-08', NULL, 1, 2, '2021-04-01', 19);
insert into Cancels (cust_id, date, refund_amt, package_credit, sid, launch_date, course_id) values (23, '2021-04-08', NULL, 1, 2, '2021-04-01', 22);
insert into Cancels (cust_id, date, refund_amt, package_credit, sid, launch_date, course_id) values (24, '2021-04-08', NULL, 1, 2, '2021-04-01', 25);
insert into Cancels (cust_id, date, refund_amt, package_credit, sid, launch_date, course_id) values (25, '2021-04-08', NULL, 1, 2, '2021-04-01', 28);

insert into Pay_slips (payment_date, amount, num_work_hours, num_work_days, eid) values ('2021-03-31', 0, 0, NULL, 1);
insert into Pay_slips (payment_date, amount, num_work_hours, num_work_days, eid) values ('2021-03-31', 0, 0, NULL, 2);
insert into Pay_slips (payment_date, amount, num_work_hours, num_work_days, eid) values ('2021-03-31', 0, 0, NULL, 3);
insert into Pay_slips (payment_date, amount, num_work_hours, num_work_days, eid) values ('2021-03-31', 0, 0, NULL, 4);
insert into Pay_slips (payment_date, amount, num_work_hours, num_work_days, eid) values ('2021-03-31', 0, 0, NULL, 5);
insert into Pay_slips (payment_date, amount, num_work_hours, num_work_days, eid) values ('2021-03-31', 0, 0, NULL, 6);
insert into Pay_slips (payment_date, amount, num_work_hours, num_work_days, eid) values ('2021-03-31', 0, 0, NULL, 7);
insert into Pay_slips (payment_date, amount, num_work_hours, num_work_days, eid) values ('2021-03-31', 0, 0, NULL, 8);
insert into Pay_slips (payment_date, amount, num_work_hours, num_work_days, eid) values ('2021-03-31', 0, 0, NULL, 9);
insert into Pay_slips (payment_date, amount, num_work_hours, num_work_days, eid) values ('2021-03-31', 0, 0, NULL, 10);
insert into Pay_slips (payment_date, amount, num_work_hours, num_work_days, eid) values ('2021-03-31', 0, 0, NULL, 11);
insert into Pay_slips (payment_date, amount, num_work_hours, num_work_days, eid) values ('2021-03-31', 0, 0, NULL, 12);
insert into Pay_slips (payment_date, amount, num_work_hours, num_work_days, eid) values ('2021-03-31', 0, 0, NULL, 13);
insert into Pay_slips (payment_date, amount, num_work_hours, num_work_days, eid) values ('2021-03-31', 0, 0, NULL, 14);
insert into Pay_slips (payment_date, amount, num_work_hours, num_work_days, eid) values ('2021-03-31', 0, 0, NULL, 15);
insert into Pay_slips (payment_date, amount, num_work_hours, num_work_days, eid) values ('2021-03-31', 0, 0, NULL, 16);
insert into Pay_slips (payment_date, amount, num_work_hours, num_work_days, eid) values ('2021-03-31', 0, 0, NULL, 17);
insert into Pay_slips (payment_date, amount, num_work_hours, num_work_days, eid) values ('2021-03-31', 0, 0, NULL, 18);
insert into Pay_slips (payment_date, amount, num_work_hours, num_work_days, eid) values ('2021-03-31', 0, 0, NULL, 19);
insert into Pay_slips (payment_date, amount, num_work_hours, num_work_days, eid) values ('2021-03-31', 0, 0, NULL, 20);
insert into Pay_slips (payment_date, amount, num_work_hours, num_work_days, eid) values ('2021-03-31', 0, 0, NULL, 21);
insert into Pay_slips (payment_date, amount, num_work_hours, num_work_days, eid) values ('2021-03-31', 0, 0, NULL, 22);
insert into Pay_slips (payment_date, amount, num_work_hours, num_work_days, eid) values ('2021-03-31', 0, 0, NULL, 23);
insert into Pay_slips (payment_date, amount, num_work_hours, num_work_days, eid) values ('2021-03-31', 0, 0, NULL, 24);
insert into Pay_slips (payment_date, amount, num_work_hours, num_work_days, eid) values ('2021-03-31', 0, 0, NULL, 25);
insert into Pay_slips (payment_date, amount, num_work_hours, num_work_days, eid) values ('2021-03-31', 0, 0, NULL, 26);
insert into Pay_slips (payment_date, amount, num_work_hours, num_work_days, eid) values ('2021-03-31', 0, 0, NULL, 27);
insert into Pay_slips (payment_date, amount, num_work_hours, num_work_days, eid) values ('2021-03-31', 0, 0, NULL, 28);
insert into Pay_slips (payment_date, amount, num_work_hours, num_work_days, eid) values ('2021-03-31', 0, 0, NULL, 29);
insert into Pay_slips (payment_date, amount, num_work_hours, num_work_days, eid) values ('2021-03-31', 0, 0, NULL, 30);
insert into Pay_slips (payment_date, amount, num_work_hours, num_work_days, eid) values ('2021-03-31', 0, 0, NULL, 31);
insert into Pay_slips (payment_date, amount, num_work_hours, num_work_days, eid) values ('2021-03-31', 0, 0, NULL, 32);
insert into Pay_slips (payment_date, amount, num_work_hours, num_work_days, eid) values ('2021-03-31', 0, 0, NULL, 33);
insert into Pay_slips (payment_date, amount, num_work_hours, num_work_days, eid) values ('2021-03-31', 0, 0, NULL, 34);
insert into Pay_slips (payment_date, amount, num_work_hours, num_work_days, eid) values ('2021-03-31', 0, 0, NULL, 35);
insert into Pay_slips (payment_date, amount, num_work_hours, num_work_days, eid) values ('2021-03-31', 0, 0, NULL, 36);
insert into Pay_slips (payment_date, amount, num_work_hours, num_work_days, eid) values ('2021-03-31', 0, 0, NULL, 37);
insert into Pay_slips (payment_date, amount, num_work_hours, num_work_days, eid) values ('2021-03-31', 0, 0, NULL, 38);
insert into Pay_slips (payment_date, amount, num_work_hours, num_work_days, eid) values ('2021-03-31', 0, 0, NULL, 39);
insert into Pay_slips (payment_date, amount, num_work_hours, num_work_days, eid) values ('2021-03-31', 0, 0, NULL, 40);
insert into Pay_slips (payment_date, amount, num_work_hours, num_work_days, eid) values ('2021-03-31', 0, 0, NULL, 41);
insert into Pay_slips (payment_date, amount, num_work_hours, num_work_days, eid) values ('2021-03-31', 0, 0, NULL, 42);
insert into Pay_slips (payment_date, amount, num_work_hours, num_work_days, eid) values ('2021-03-31', 0, 0, NULL, 43);
insert into Pay_slips (payment_date, amount, num_work_hours, num_work_days, eid) values ('2021-03-31', 0, 0, NULL, 44);
insert into Pay_slips (payment_date, amount, num_work_hours, num_work_days, eid) values ('2021-03-31', 0, 0, NULL, 45);
insert into Pay_slips (payment_date, amount, num_work_hours, num_work_days, eid) values ('2021-03-31', 0, 0, NULL, 46);
insert into Pay_slips (payment_date, amount, num_work_hours, num_work_days, eid) values ('2021-03-31', 0, 0, NULL, 47);
insert into Pay_slips (payment_date, amount, num_work_hours, num_work_days, eid) values ('2021-03-31', 0, 0, NULL, 48);
insert into Pay_slips (payment_date, amount, num_work_hours, num_work_days, eid) values ('2021-03-31', 0, 0, NULL, 49);
insert into Pay_slips (payment_date, amount, num_work_hours, num_work_days, eid) values ('2021-03-31', 0, 0, NULL, 50);
insert into Pay_slips (payment_date, amount, num_work_hours, num_work_days, eid) values ('2021-03-31', 6694, NULL, 31, 51);
insert into Pay_slips (payment_date, amount, num_work_hours, num_work_days, eid) values ('2021-03-31', 7119, NULL, 31, 52);
insert into Pay_slips (payment_date, amount, num_work_hours, num_work_days, eid) values ('2021-03-31', 2542, NULL, 31, 53);
insert into Pay_slips (payment_date, amount, num_work_hours, num_work_days, eid) values ('2021-03-31', 5794, NULL, 31, 54);
insert into Pay_slips (payment_date, amount, num_work_hours, num_work_days, eid) values ('2021-03-31', 6154, NULL, 31, 55);
insert into Pay_slips (payment_date, amount, num_work_hours, num_work_days, eid) values ('2021-03-31', 2237, NULL, 31, 56);
insert into Pay_slips (payment_date, amount, num_work_hours, num_work_days, eid) values ('2021-03-31', 8649, NULL, 31, 57);
insert into Pay_slips (payment_date, amount, num_work_hours, num_work_days, eid) values ('2021-03-31', 3969, NULL, 31, 58);
insert into Pay_slips (payment_date, amount, num_work_hours, num_work_days, eid) values ('2021-03-31', 6839, NULL, 31, 59);
insert into Pay_slips (payment_date, amount, num_work_hours, num_work_days, eid) values ('2021-03-31', 4320, NULL, 31, 60);
insert into Pay_slips (payment_date, amount, num_work_hours, num_work_days, eid) values ('2021-03-31', 3892, NULL, 31, 61);
insert into Pay_slips (payment_date, amount, num_work_hours, num_work_days, eid) values ('2021-03-31', 2757, NULL, 31, 62);
insert into Pay_slips (payment_date, amount, num_work_hours, num_work_days, eid) values ('2021-03-31', 2586, NULL, 31, 63);
insert into Pay_slips (payment_date, amount, num_work_hours, num_work_days, eid) values ('2021-03-31', 8221, NULL, 31, 64);
insert into Pay_slips (payment_date, amount, num_work_hours, num_work_days, eid) values ('2021-03-31', 3887, NULL, 31, 65);
insert into Pay_slips (payment_date, amount, num_work_hours, num_work_days, eid) values ('2021-03-31', 6913, NULL, 31, 66);
insert into Pay_slips (payment_date, amount, num_work_hours, num_work_days, eid) values ('2021-03-31', 2060, NULL, 31, 67);
insert into Pay_slips (payment_date, amount, num_work_hours, num_work_days, eid) values ('2021-03-31', 4127, NULL, 31, 68);
insert into Pay_slips (payment_date, amount, num_work_hours, num_work_days, eid) values ('2021-03-31', 7464, NULL, 31, 69);
insert into Pay_slips (payment_date, amount, num_work_hours, num_work_days, eid) values ('2021-03-31', 4945, NULL, 31, 70);
insert into Pay_slips (payment_date, amount, num_work_hours, num_work_days, eid) values ('2021-03-31', 7182, NULL, 31, 71);
insert into Pay_slips (payment_date, amount, num_work_hours, num_work_days, eid) values ('2021-03-31', 3256, NULL, 31, 72);
insert into Pay_slips (payment_date, amount, num_work_hours, num_work_days, eid) values ('2021-03-31', 7824, NULL, 31, 73);
insert into Pay_slips (payment_date, amount, num_work_hours, num_work_days, eid) values ('2021-03-31', 9949, NULL, 31, 74);
insert into Pay_slips (payment_date, amount, num_work_hours, num_work_days, eid) values ('2021-03-31', 1354, NULL, 31, 75);
insert into Pay_slips (payment_date, amount, num_work_hours, num_work_days, eid) values ('2021-03-31', 3414, NULL, 31, 76);
insert into Pay_slips (payment_date, amount, num_work_hours, num_work_days, eid) values ('2021-03-31', 4362, NULL, 31, 77);
insert into Pay_slips (payment_date, amount, num_work_hours, num_work_days, eid) values ('2021-03-31', 5656, NULL, 31, 78);
insert into Pay_slips (payment_date, amount, num_work_hours, num_work_days, eid) values ('2021-03-31', 3217, NULL, 31, 79);
insert into Pay_slips (payment_date, amount, num_work_hours, num_work_days, eid) values ('2021-03-31', 5532, NULL, 31, 80);
insert into Pay_slips (payment_date, amount, num_work_hours, num_work_days, eid) values ('2021-03-31', 9763, NULL, 31, 81);
insert into Pay_slips (payment_date, amount, num_work_hours, num_work_days, eid) values ('2021-03-31', 6648, NULL, 31, 82);
insert into Pay_slips (payment_date, amount, num_work_hours, num_work_days, eid) values ('2021-03-31', 6436, NULL, 31, 83);
insert into Pay_slips (payment_date, amount, num_work_hours, num_work_days, eid) values ('2021-03-31', 3923, NULL, 31, 84);
insert into Pay_slips (payment_date, amount, num_work_hours, num_work_days, eid) values ('2021-03-31', 4871, NULL, 31, 85);
insert into Pay_slips (payment_date, amount, num_work_hours, num_work_days, eid) values ('2021-03-31', 3094, NULL, 31, 86);
insert into Pay_slips (payment_date, amount, num_work_hours, num_work_days, eid) values ('2021-03-31', 3637, NULL, 31, 87);
insert into Pay_slips (payment_date, amount, num_work_hours, num_work_days, eid) values ('2021-03-31', 8552, NULL, 31, 88);
insert into Pay_slips (payment_date, amount, num_work_hours, num_work_days, eid) values ('2021-03-31', 8264, NULL, 31, 89);
insert into Pay_slips (payment_date, amount, num_work_hours, num_work_days, eid) values ('2021-03-31', 1260, NULL, 31, 90);
insert into Pay_slips (payment_date, amount, num_work_hours, num_work_days, eid) values ('2021-03-31', 9646, NULL, 31, 91);
insert into Pay_slips (payment_date, amount, num_work_hours, num_work_days, eid) values ('2021-03-31', 2119, NULL, 31, 92);
insert into Pay_slips (payment_date, amount, num_work_hours, num_work_days, eid) values ('2021-03-31', 5107, NULL, 31, 93);
insert into Pay_slips (payment_date, amount, num_work_hours, num_work_days, eid) values ('2021-03-31', 9287, NULL, 31, 94);
insert into Pay_slips (payment_date, amount, num_work_hours, num_work_days, eid) values ('2021-03-31', 6304, NULL, 31, 95);
insert into Pay_slips (payment_date, amount, num_work_hours, num_work_days, eid) values ('2021-03-31', 6198, NULL, 31, 96);
insert into Pay_slips (payment_date, amount, num_work_hours, num_work_days, eid) values ('2021-03-31', 1803, NULL, 31, 97);
insert into Pay_slips (payment_date, amount, num_work_hours, num_work_days, eid) values ('2021-03-31', 6397, NULL, 31, 98);
insert into Pay_slips (payment_date, amount, num_work_hours, num_work_days, eid) values ('2021-03-31', 8984, NULL, 31, 99);
insert into Pay_slips (payment_date, amount, num_work_hours, num_work_days, eid) values ('2021-03-31', 9405, NULL, 31, 100);
COMMIT;
